,G_x,G_y,G_z,X,Y,Z,azimuth,beta,dip,formation,index,kappa,n_points,polarity
0,0.239900206563,-0.0329158276178,0.970239372105,783313.63075,6347438.560750001,255.30931549999997,98.0,0.0,14.013340459444615,Carboniferous,15.0,37.209041517,4.0,1
1,0.0461433335917,0.0444357228423,0.997946020234,781899.8894166667,6348462.578999999,397.28987987499994,46.0,0.0,3.6729082081926143,Carboniferous,16.0,39.5028383616,24.0,1
2,0.524550656152,-0.0514443565336,0.84982356246,786449.052,6351593.01925,269.43893975000003,96.0,0.0,31.807515750937768,Carboniferous,20.0,41.9008393517,4.0,1
3,0.0722957762144,0.118557729117,0.990311761825,780798.6294000001,6348640.2943,299.98810779999997,31.0,0.0,7.981991981987928,Carboniferous,46.0,51.3749481687,10.0,1
4,-0.219846310392,-0.262002630228,0.939692620787,784213.444715,6351593.650478,471.975305,220.0,0.0,19.999999999832475,Carboniferous,51.0,9999,1.0,1
5,0.427843550553,0.257164331177,0.866496626087,785134.1456666664,6352966.157000001,493.38518433333337,59.0,0.0,29.94595774938376,Carboniferous,59.0,43.006861769,3.0,1
6,0.06146660566208688,0.5424140557772911,0.8378596830517694,787378.8495,6350790.181499999,285.641895,6.0,0.0,33.08520719212673,Carboniferous,61.0,666,2.0,1
7,0.0372745535324,0.00710682144969,0.999279791024,785990.322714,6350189.0099260025,695.306224,79.0,0.0,2.174667998490179,Carboniferous,63.0,9999,1.0,1
8,0.316693267711,-0.131853890172,0.939318862705,786595.5775,6345893.498,359.0839065,113.0,0.0,20.06251886987801,Carboniferous,69.0,45.3071666883,4.0,1
9,0.515293778452,-0.192880782027,0.835026541981,786255.754491,6347700.0675125,354.51441650000004,111.0,0.0,33.38139797294809,Carboniferous,71.0,79.7800369009,2.0,1
10,0.0754790873062,0.0435778713748,0.996194698093,781790.6359999999,6350360.167666667,479.4419156666667,60.0,0.0,4.999999999342611,Carboniferous,73.0,9999,2.0,1
11,0.347730222842,0.106931891094,0.931476925527,779716.0451999999,6348530.4092,231.49288900000002,73.0,0.0,21.333776426569383,Carboniferous,78.0,41.5271640672,5.0,1
12,0.136836631347,0.77603909961,0.615661475327,783214.848,6351613.938999997,450.877901,10.0,0.0,51.9999999999273,Carboniferous,86.0,9999,1.0,1
13,-0.48724274242870114,-0.2802961207444635,0.8270602122253032,783514.9335,6352534.407000001,421.195287,240.0,0.0,34.202075543305945,Carboniferous,87.0,666,2.0,1
14,-0.433012701891,0.250000000001,0.866025403785,784833.0090000002,6348912.26,401.701459,300.0,0.0,29.999999999885404,Carboniferous,93.0,9999,1.0,1
15,0.41185154802410684,0.20564292195061126,0.8877439332610286,785644.4430000002,6352718.104499999,470.70034250000003,63.0,0.0,27.408894567330307,Carboniferous,100.0,666,2.0,1
16,0.125409217853,-0.256854645902,0.958278779352,787491.1064340001,6350288.011101667,252.46486633333333,154.0,0.0,16.60878100269336,Carboniferous,108.0,873.760975955,3.0,1
17,0.167731259498,-0.0449434555265,0.984807753013,786171.035,6346601.475,342.335348,105.0,0.0,9.999999999670067,Carboniferous,110.0,9999,1.0,1
18,0.09139023610030567,0.16058195223849867,0.9827824079422683,782472.8445250001,6352293.065894,517.4451853333334,30.0,0.0,10.647531629324398,Carboniferous,114.0,666,2.0,1
19,-0.124874785167,-0.328820378494,0.936100126438,781515.5803333333,6352710.944333334,599.240415,201.0,0.0,20.59338897838078,Carboniferous,115.0,44.3274124662,3.0,1
20,0.296636740893,-0.342302094353,0.89153570885,781224.0396666666,6352825.3226666665,566.2767889999999,139.0,0.0,26.933137774054206,Carboniferous,116.0,42.3735049631,3.0,1
21,0.352015051532,-0.12812300077,0.927183854568,781202.322,6351887.681,574.615574,110.0,0.0,21.999999999847052,Carboniferous,118.0,9999,1.0,1
22,-0.142198122439,0.195718924853,0.970295726277,780613.627,6350844.616,403.187239,324.0,0.0,13.99999999976317,Carboniferous,119.0,9999,1.0,1
23,0.342517191877,0.162574884932,0.925338521871,779870.7394999999,6352027.329,535.7658975,65.0,0.0,22.280543331446168,Carboniferous,121.0,40.0827942021,2.0,1
24,0.000183885447748,0.270929245224,0.962599246971,781265.4536666665,6350314.120666667,505.793384,0.0,0.0,15.719573544557752,Carboniferous,125.0,76.2453420643,3.0,1
25,0.238065564607,0.0152159748253,0.971129888871,779689.3465,6350680.6504999995,419.2220365,86.0,0.0,13.80105468875546,Carboniferous,127.0,109.853704352,2.0,1
26,-0.0880847354041,0.0840118172759,0.992563899176,779851.092,6350709.918,436.776637,314.0,0.0,6.991651201821174,Carboniferous,128.0,50.6686893863,2.0,1
27,0.255833981494,-0.197722477573,0.946284732929,780145.1510000001,6350025.715666667,372.4497223333333,128.0,0.0,18.864702170052464,Carboniferous,129.0,76.7534495342,2.0,1
28,-0.0749139728256559,0.06181533290774914,0.995272204621922,783465.4989999998,6351046.7195,383.76788750000003,310.0,0.0,5.573631079533035,Carboniferous,130.0,666,2.0,1
29,0.791153573831,-0.352244265553,0.500000000001,783643.189,6350805.195,359.75497,114.0,0.0,59.99999999993384,Carboniferous,131.0,9999,1.0,1
30,0.11643746537116632,-0.201675605926441,0.9725066923328299,783293.5493685,6351685.278625,447.593926,150.0,0.0,13.466390249336337,Carboniferous,133.0,666,2.0,1
31,-0.5365139330660047,0.3424802939666637,0.7712717082005239,783976.5441645,6348171.578396,376.361857,303.0,0.0,39.531775119133115,Carboniferous,142.0,666,2.0,1
32,-0.156042841634,0.00456928913533,0.987739719345,784092.0079999999,6348296.505666667,367.49873166666663,272.0,0.0,8.981162436743691,Carboniferous,143.0,181.330267819,2.0,1
33,0.520310567208,-0.120285267971,0.84546340427,786418.463,6352695.265000001,438.1444745,103.0,0.0,32.27838014851047,Carboniferous,146.0,294.602687452,2.0,1
34,-0.0223596438146,0.0715738986023,0.997184648582,786489.8862973334,6352638.534336667,436.14194633333335,343.0,0.0,4.300370558522528,Carboniferous,147.0,40.4121783187,3.0,1
35,0.323019040492,0.472222245963,0.82016147794,786762.118,6352314.5175,378.25475600000004,34.0,0.0,34.89903841919478,Carboniferous,149.0,199.245833652,2.0,1
36,0.321393804844,-0.556670399225,0.76604444312,786634.8259999999,6352426.6510000015,401.636104,150.0,0.0,39.99999999991087,Carboniferous,150.0,9999,1.0,1
37,0.484003704106,-0.0940807896268,0.869993804251,786485.4005,6352114.845000001,303.599874,101.0,0.0,29.54208047804911,Carboniferous,151.0,219.724640854,2.0,1
38,0.482962913146,0.129409522552,0.866025403785,786604.196,6351052.944,257.514523,75.0,0.0,29.999999999885404,Carboniferous,153.0,9999,1.0,1
39,0.823277232449209,-0.14400940557170477,0.5490682012625165,786408.6085000001,6351081.317499999,295.24420799999996,100.0,0.0,56.69688885740236,Carboniferous,154.0,666,2.0,1
40,0.509352976954,0.0853741336601,0.856312327466,789847.876977,6350166.77925325,294.47896625000004,80.0,0.0,31.094981130312224,Carboniferous,158.0,77.661241982,4.0,1
41,0.399704080611,-0.024349487553,0.91632076829,787106.4433333334,6349103.508666667,476.420221,93.0,0.0,23.606004549296774,Carboniferous,161.0,74.9072013986,3.0,1
42,0.643434376475,-0.463807145529,0.608995184649,786913.1469999999,6348282.526000001,340.828301,126.0,0.0,52.483116317162285,Carboniferous,164.0,112.399557603,2.0,1
43,0.763129412739,0.0667651724188,0.642787609688,786072.5279999998,6346911.516,375.101933,85.0,0.0,49.99999999992521,Carboniferous,167.0,9999,1.0,1
44,-0.11400393016,-0.0798264112836,0.990268068743,785603.48,6347298.0529999975,393.13748,235.0,0.0,7.999999999588303,Carboniferous,172.0,9999,1.0,1
45,-0.0125890674601,-0.0417203720965,0.999050011727,780593.381,6351990.9715,555.566182,197.0,0.0,2.497647467234192,Carboniferous,173.0,40.7071362357,2.0,1
46,0.431711304056,0.0761223507827,0.8987940463,779858.545,6352453.818,570.926807,80.0,0.0,25.999999999869296,Carboniferous,174.0,9999,1.0,1
47,-0.154508497186,-0.475528258147,0.866025403785,780351.814,6351085.708,466.627993,198.0,0.0,29.999999999885404,Carboniferous,175.0,9999,1.0,1
48,0.3530908283062084,-0.3266698457513553,0.876706153076857,780714.2825,6351559.2055,518.7314395000001,133.0,0.0,28.752454106584764,Carboniferous,177.0,666,2.0,1
49,0.169853548358,0.0361034862272,0.984807753013,780048.19,6349589.686000003,357.497795,78.0,0.0,9.999999999670067,Carboniferous,178.0,9999,1.0,1
50,0.706676030841,-0.0246776707773,0.707106781187,779641.0695000001,6349444.536,276.80316949999997,92.0,0.0,44.99999999999857,Carboniferous,179.0,263.286479709,2.0,1
51,0.2625369215666539,-0.01011268785455423,0.9648689539821773,780089.9365000001,6349101.3455,319.64653100000004,92.0,0.0,15.232208467517662,Carboniferous,180.0,666,2.0,1
52,0.249809139313,-0.135007554023,0.95883698003,780389.8886666667,6350166.232333333,433.5130173333334,118.0,0.0,16.49652069413403,Carboniferous,181.0,234.016618092,3.0,1
53,0.0350004384591,-0.528668550911,0.84810643942,783503.112,6350799.448999999,348.536722,176.0,0.0,31.993691270483318,Carboniferous,183.0,67.646052735,2.0,1
54,-0.321393804842,0.38302222156,0.866025403785,783565.787,6350860.833,384.50533,320.0,0.0,29.999999999885404,Carboniferous,184.0,9999,1.0,1
55,-0.0427401979198,0.174542985574,0.983721516319,784535.311888,6349852.268263333,348.8709986666667,346.0,0.0,10.352268049968645,Carboniferous,185.0,38.5247755698,6.0,1
56,-0.541675220419,-0.454519477671,0.707106781188,784161.767,6350283.949,334.509462,230.0,0.0,44.99999999991897,Carboniferous,186.0,9999,1.0,1
57,0.12866703005777075,-0.0926919439520726,0.9873464432014218,784231.1238175,6349276.953500001,395.8833745,126.0,0.0,9.12437137218697,Carboniferous,187.0,666,2.0,1
58,-0.623207062733011,-0.0425945873361521,0.7808960610025869,784398.984341,6349611.9812575,368.3716455,266.0,0.0,38.65730872743623,Carboniferous,188.0,666,2.0,1
59,-0.405536980616,-0.0925750498671,0.909378698615,783040.830071,6348997.735194333,440.5148146666667,257.0,0.0,24.58036700422606,Carboniferous,189.0,48.7825747783,3.0,1
60,-0.943786936115,0.126758128128,0.305284451246,783103.5776617501,6349055.084169,445.12367075,278.0,0.0,72.22472201203479,Carboniferous,190.0,57.4627919147,4.0,1
61,-0.409576022143,0.709406479917,-0.57357643635,783671.839,6349534.668,387.943114,330.0,0.0,124.99999999993007,Carboniferous,192.0,9999,1.0,1
62,0.44147379643,-0.234735781392,0.866025403785,784488.0279999998,6348233.08,368.451912,118.0,0.0,29.999999999885404,Carboniferous,196.0,9999,1.0,1
63,0.40254897610259405,0.06914601486961282,0.9127831891891988,786177.4800000001,6352825.3659999985,412.740473,80.0,0.0,24.10715350033661,Carboniferous,197.0,666,2.0,1
64,0.08976013048883226,0.3901356827594149,0.9163717957316632,786331.6284999999,6352791.366,422.140761,13.0,0.0,23.598702465435267,Carboniferous,198.0,666,2.0,1
65,0.12904582724819894,0.19024488301783632,0.9732184024952251,786807.9173935001,6352001.528656,191.963835,34.0,0.0,13.290151217637431,Carboniferous,199.0,666,2.0,1
66,-0.0372930974716,-0.339762344637,0.93977166059,791034.0380349999,6350590.660307,406.80303266666664,186.0,0.0,19.986754915155416,Carboniferous,201.0,382.06544269,3.0,1
67,0.274739533455,0.0999970123545,0.956304755963,790509.748762,6349703.9068215005,295.6579785,70.0,0.0,17.00000000005327,Carboniferous,204.0,263.286479709,2.0,1
68,0.135707471415,-0.273246823582,0.952323293637,789714.058,6349703.7936,237.83881660000003,154.0,0.0,17.763621621288838,Carboniferous,206.0,137.380208838,5.0,1
69,0.452547508549,0.0362704982488,0.891002358843,789170.3213333334,6348864.0309999995,232.653457,85.0,0.0,27.000525681883975,Carboniferous,207.0,56.0065975026,3.0,1
70,-0.157888556686,-0.160231646429,0.974370064786,788818.373,6349048.211,233.209967,225.0,0.0,12.999999999745299,Carboniferous,208.0,9999,1.0,1
71,0.3499361941626868,0.12736635856830006,0.9280746040701607,787312.7660000001,6349160.8125,458.350171,70.0,0.0,21.863357160434234,Carboniferous,210.0,666,2.0,1
72,0.257834160497,-0.0225575661121,0.96592582629,786846.858602,6348494.818151997,354.763681,95.0,0.0,14.999999999778625,Carboniferous,211.0,9999,1.0,1
73,-0.163175911166,0.0593911746149,0.984807753013,787357.2389989998,6349360.034379,384.076278,290.0,0.0,9.999999999670067,Carboniferous,214.0,9999,1.0,1
74,0.717967598525,-0.414518786277,0.559192903472,787289.344,6349959.089,294.345832,120.0,0.0,55.99999999993089,Carboniferous,215.0,9999,1.0,1
75,0.5272028623662945,-0.304380714502851,0.7933533402913987,786217.385157,6346876.451258,397.9649975,120.0,0.0,37.49999999998461,Carboniferous,217.0,666,2.0,1
76,0.144543958454,-0.397131261966,0.906307787038,785209.431,6348110.057999997,378.871587,160.0,0.0,24.999999999864436,Carboniferous,219.0,9999,1.0,1
77,-0.1527809369783261,-0.5237556645730501,0.838056077553088,785089.7875,6347728.263,389.5940585,196.0,0.0,33.064588066703514,Carboniferous,220.0,666,2.0,1
78,0.409576022145,0.286788218177,0.866025403785,785629.392,6347427.586,390.186018,55.0,0.0,29.999999999885404,Carboniferous,222.0,9999,1.0,1
79,0.0783350626834,-0.0382065628965,0.996194698093,780319.0329999998,6350900.8539999975,448.449858,116.0,0.0,4.999999999342611,Carboniferous,223.0,9999,1.0,1
80,0.336824088834,-0.0593911746129,0.939692620787,780554.5750000001,6350445.360333334,425.54027733333334,100.0,0.0,19.999999999832475,Carboniferous,225.0,9999,2.0,1
81,-0.211309130869,-0.36599815077,0.906307787038,785006.7320000002,6347797.402000003,402.804127,210.0,0.0,24.999999999864436,Carboniferous,229.0,9999,1.0,1
82,-0.08615690542841987,0.13469990538183066,0.9871336906099012,791523.5248380001,6350505.446088999,356.19903999999997,327.0,0.0,9.20092255092553,Carboniferous,233.0,666,2.0,1
83,-0.0263794520154,-0.20334873442,0.978750947239,790565.3428782858,6348942.229091571,250.68072628571431,187.0,0.0,11.83258029066126,Carboniferous,234.0,52.3319992585,7.0,1
84,0.061063075132,-0.24084567622,0.968640625362,789735.6560000001,6349559.362333334,232.11605799999998,166.0,0.0,14.386754825609247,Carboniferous,237.0,116.869034914,3.0,1
85,0.5740229374809461,0.030083267411755665,0.8182864194568908,789835.4406666666,6348610.426666667,326.58763733333336,87.0,0.0,35.08637616836629,Carboniferous,238.0,666,2.0,1
86,0.4045014997542482,-0.43804862835066477,0.8028025510028384,787023.2639865,6348602.412266999,374.0598605,137.0,0.0,36.60143415450636,Carboniferous,239.0,666,2.0,1
87,0.8894233160132871,-0.22437257997088272,0.39822494935543445,787206.9873275,6349943.087685999,303.2323915,104.0,0.0,66.53274170518692,Carboniferous,242.0,666,2.0,1
88,-0.6702959112221247,-0.16056719402834096,0.7245147117904278,785177.727,6347900.8149999995,387.2211965,257.0,0.0,43.57150746434417,Carboniferous,243.0,666,2.0,1
89,-0.716283322519908,-0.4114065499999834,0.5636336154781337,785716.5930940001,6347371.283622,380.383128,240.0,0.0,55.69253916563174,Carboniferous,244.0,666,2.0,1
90,0.050456887064995744,0.10065094363543918,0.9936415299759798,780219.118,6350814.029999999,436.562346,27.0,0.0,6.46463983163614,Carboniferous,245.0,666,2.0,1
91,-0.7066410078836612,0.30867402791316984,0.6366936708253216,783525.681095,6349108.871751334,414.97956800000003,294.0,0.0,50.454285641601636,Carboniferous,247.0,666,2.0,1
92,0.26245114569940325,-0.347390423255142,0.900244016893022,784528.1279999999,6347948.9435,390.25238349999995,143.0,0.0,25.80983927223724,Carboniferous,249.0,666,2.0,1
93,0.5678636083596349,-0.2636752774284288,0.7797475683667223,786657.3559999999,6350903.679,262.48953200000005,115.0,0.0,38.76253119216156,Carboniferous,250.0,666,2.0,1
94,-0.545114808627,-0.340625537182,0.76604444312,786507.89,6350843.0189999975,282.383632,238.0,0.0,39.99999999991087,Carboniferous,252.0,9999,1.0,1
95,1e-12,1e-12,1.0,791218.8309999999,6348572.395,231.46082,45.0,0.0,0.0,Carboniferous,253.0,9999,1.0,1
96,-0.4864234750735855,0.22059484941177787,0.8454171250396647,787506.7175934999,6349831.3681335,289.206855,294.0,0.0,32.283345049419864,Carboniferous,256.0,666,2.0,1
97,0.271653782275,0.323744370968,0.906307787038,787473.109,6349897.193,279.944009,40.0,0.0,24.999999999864436,Carboniferous,258.0,9999,1.0,1
98,-0.766371138438,0.543056942552,-0.3431682318,783355.38,6349330.5315000005,454.1803145,305.0,0.0,110.07001786693247,Carboniferous,260.0,54.5689822103,2.0,1
99,0.238909653148,-0.0995463497114,0.96592582629,783153.505,6349478.741,532.046738,113.0,0.0,14.999999999778625,Carboniferous,261.0,9999,1.0,1
100,-0.43272695924881693,-0.7185070261396951,0.5445135738686082,786480.6680000001,6350842.516,281.0085585,211.0,0.0,57.0085707610926,Carboniferous,262.0,666,2.0,1
101,0.454519477673,-0.454519477671,0.76604444312,791044.199603,6349089.482135,236.989368,135.0,0.0,39.99999999991087,Carboniferous,263.0,9999,1.0,1
102,0.255537635773,-0.045598806093,0.965723182691,790964.8618615,6349118.304446001,231.090163,100.0,0.0,15.044794656505012,Carboniferous,264.0,40.7427958101,2.0,1
103,0.373181102232,0.0326491158883,0.927183854568,789635.448,6349378.681,230.761908,85.0,0.0,21.999999999847052,Carboniferous,272.0,9999,1.0,1
104,0.6019240829889959,0.3133418445381077,0.7345095552675355,787475.6176666667,6349985.003666665,271.90120500000006,62.0,0.0,42.73420960091839,Carboniferous,273.0,666,2.0,1
105,0.073386891001,-0.416197740726,0.906307787038,789701.720025,6349398.496667,236.020305,170.0,0.0,24.999999999864436,Carboniferous,276.0,9999,1.0,1
106,-0.194102284986,-0.0745088863239,0.978147600735,789732.064,6349431.667,239.041658,249.0,0.0,11.999999999724416,Carboniferous,277.0,9999,1.0,1
107,0.212012149898,-0.791240115235,0.573576436352,789683.406193,6349378.022329,233.94838,165.0,0.0,54.99999999993006,Carboniferous,279.0,9999,1.0,1
108,0.2266742815378058,0.7995888166682532,0.5561263294867291,783203.1718915,6349118.279550625,442.02719500000006,16.0,0.0,56.2116713527616,Carboniferous,281.0,666,2.0,1
109,-0.25111520217133354,-0.5577495630651113,0.7911109783962853,789695.479,6349394.864,235.68154099999998,204.0,0.0,37.710544315822574,Carboniferous,282.0,666,2.0,1
110,0.027460710216059392,-0.32583906036456856,0.9450263573759012,789707.1351955,6349422.6140725,237.5629,175.0,0.0,19.086434722376726,Carboniferous,283.0,666,2.0,1
111,0.03164172152266658,-0.6408398036445266,0.7670222601228249,789661.5956905,6349390.207096,233.54349150000002,177.0,0.0,39.91276172009361,Carboniferous,284.0,666,2.0,1
112,-0.232036908981,0.208926971275,0.950004417645,788495.3866746001,6350682.247498399,357.0362484,312.0,0.0,18.1940617128788,Liassic,37.0,302.669544102,5.0,1
113,0.129409522552,-0.482962913144,0.866025403785,784482.427,6347546.432999997,468.735081,165.0,0.0,29.999999999885404,Liassic,50.0,9999,1.0,1
114,-0.0795295206737,-0.0333563648534,0.996274263577,783638.61,6346873.761333332,421.9640713333333,247.0,0.0,4.947418231267252,Liassic,51.0,173.066405987,2.0,1
115,-0.28872091890412205,-0.11997642620497108,0.949866247501322,786187.7840000002,6345732.6775,352.400361,247.0,0.0,18.21939906171244,Liassic,53.0,666,2.0,1
116,-0.271653782273,0.323744370968,0.906307787038,792939.553,6349524.287000001,263.27771,320.0,0.0,24.999999999864436,Liassic,62.0,9999,1.0,1
117,-0.109381654946,0.234569716011,0.96592582629,788998.68,6352838.461,364.394591,335.0,0.0,14.999999999778625,Liassic,73.0,9999,1.0,1
118,0.08536097773328306,0.1920419324381918,0.9776673256613534,788488.2955,6352855.1635,472.18767,24.0,0.0,12.131641635016498,Liassic,74.0,666,2.0,1
119,0.212012149898,-0.148452505549,0.96592582629,787750.418891,6348426.901154,352.488892,125.0,0.0,14.999999999778625,Liassic,79.0,9999,1.0,1
120,-0.283501777204,0.12143185764,0.951252356776,786408.9295,6346140.3171666665,367.1574783333333,293.0,0.0,17.963653137401366,Liassic,85.0,180.393749393,4.0,1
121,-0.415542494846,0.069232102525,0.906935141538,790796.3573999999,6349851.509399999,410.2074216,279.0,0.0,24.914811597074774,Liassic,91.0,197.50428014,5.0,1
122,-0.167731259496,0.0449434555285,0.984807753013,791007.5385,6349672.774499999,410.313146,285.0,0.0,9.999999999670067,Liassic,92.0,9999,2.0,1
123,-0.458372806341,0.122820623293,0.880232619766,790805.3319999999,6350023.105333333,411.5243926666667,285.0,0.0,28.329563055239696,Liassic,93.0,296.198639675,3.0,1
124,-0.148452505549,-0.212012149896,0.96592582629,792744.323,6349624.188999997,277.447858,215.0,0.0,14.999999999778625,Liassic,99.0,9999,1.0,1
125,0.15743061825355134,0.07409754046422157,0.984746238852151,787754.5409999999,6351225.513,474.2404275,65.0,0.0,10.020276449514187,Liassic,100.0,666,2.0,1
126,-0.0261679781205,0.0453242676387,0.998629534756,788068.5329999999,6351566.549333334,355.5248656666667,330.0,0.0,2.9999999989052997,Liassic,101.0,9999,2.0,1
127,0.0435778713748,-0.0754790873042,0.996194698093,789981.4670000002,6352837.972,240.07911,150.0,0.0,4.999999999342611,Liassic,107.0,9999,1.0,1
128,0.241844762649,0.241844762649,0.939692620787,789328.781,6352755.3565,286.96051750000004,45.0,0.0,19.999999999832475,Liassic,111.0,9999,2.0,1
129,0.2264807107291864,-0.11285769012464372,0.9674552338208381,789192.2285,6352813.976,308.3663630000001,116.0,0.0,14.657609043377002,Liassic,114.0,666,2.0,1
130,-0.24179219079730288,-0.030893801244908335,0.9698361250820062,790301.514672,6348034.076376,442.9701195,263.0,0.0,14.108438537683732,Liassic,121.0,666,2.0,1
131,0.122178812039,-0.104339301668,0.987008433609,787150.70575,6348460.537500001,379.79289875000006,130.0,0.0,9.245697776701524,Liassic,122.0,143.098552819,4.0,1
132,-0.0390623406501,0.169197586124,0.984807753013,787439.604438,6348599.315887,423.439977,347.0,0.0,9.999999999670067,Liassic,123.0,9999,1.0,1
133,-0.07825953006023155,-0.22229712353338626,0.9718330282633608,784144.8753333333,6347183.382666667,428.885172,199.0,0.0,13.63114731343557,Liassic,129.0,666,2.0,1
134,-0.550968837085,-0.122146850463,0.825538301645,791731.8019264999,6349789.742769001,425.60121300000003,258.0,0.0,34.3568951445119,Liassic,132.0,129.758257797,2.0,1
135,-0.217286033041,0.0582216170811,0.974370064786,791622.125958,6350092.151964,435.953466,285.0,0.0,12.999999999745299,Liassic,133.0,9999,1.0,1
136,-0.03758434453425332,-0.2131514098640705,0.9762960071202226,791527.9905000001,6349481.8085,314.896787,190.0,0.0,12.49999999992344,Liassic,135.0,666,2.0,1
137,-0.499923847577,-0.00872620321764,0.866025403785,791423.301,6349876.2289999975,447.200857,269.0,0.0,29.999999999885404,Liassic,136.0,9999,1.0,1
138,-0.18581175573719305,0.35223244424161065,0.917282015878128,790754.148178,6350325.45991,430.3556945,332.0,0.0,23.468089051793854,Liassic,138.0,666,2.0,1
139,-0.14509113768322618,-0.02369131710865944,0.9891346133158238,792063.4768999999,6350140.0587455,358.7116690000001,261.0,0.0,8.453844220612405,Liassic,139.0,666,2.0,1
140,0.10609904662795562,-0.08937116378986032,0.9903311503671308,792828.8365,6349592.76,275.4485555,130.0,0.0,7.973988089910193,Liassic,144.0,666,2.0,1
141,-0.11697777844,0.321393804844,0.939692620787,786988.439,6352605.96,500.46616500000016,340.0,0.0,19.999999999832475,Liassic,145.0,9999,1.0,1
142,0.1163489095231086,0.07412243013489854,0.9904386889675103,787059.5805000002,6352484.168500001,500.68302600000004,57.0,0.0,7.929448756834771,Liassic,147.0,666,2.0,1
143,0.06712089350764601,0.06352243172110396,0.9957206869011876,787207.58825,6352188.17,534.5404149999999,47.0,0.0,5.302487543349582,Liassic,148.0,666,2.0,1
144,0.222773882727,-0.0596920819703,0.97304093055,787437.1523333335,6351894.415333334,602.8055476666667,105.0,0.0,13.334312186054602,Liassic,149.0,687.847301202,3.0,1
145,-0.167731259496,0.0449434555285,0.984807753013,787481.5390000001,6351649.482999999,556.4942269999998,285.0,0.0,9.999999999670067,Liassic,150.0,9999,1.0,1
146,0.433012701893,0.250000000001,0.866025403785,789926.886739,6352809.606509,234.046667,60.0,0.0,29.999999999885404,Liassic,152.0,9999,1.0,1
147,0.40119539441752977,-0.027396875831171074,0.9155826924384569,789874.6173333334,6352864.798333332,227.00244899999998,94.0,0.0,23.711386922936214,Liassic,154.0,666,2.0,1
148,0.469846310394,-0.171010071662,0.866025403785,789215.7440000002,6352337.102000001,245.047332,110.0,0.0,29.999999999885404,Liassic,156.0,9999,1.0,1
149,0.248951792264,0.197185041548,0.948230491241,789583.4813333334,6352304.541,239.26175266666667,52.0,0.0,18.516815265762478,Liassic,157.0,254.57239952,3.0,1
150,0.59614777541,0.381113865393,0.706654124363,789692.272,6352327.568999999,251.1139053333333,57.0,0.0,45.03666635938897,Liassic,158.0,135.893498744,3.0,1
151,-0.0667651724168,0.0560226315522,0.996194698093,789776.737908,6350549.259639,460.65872,310.0,0.0,4.999999999342611,Liassic,160.0,9999,1.0,1
152,-0.0347634751635,0.139582010997,0.989600102567,788414.661519,6348350.668827333,413.904017,346.0,0.0,8.270452331908098,Liassic,162.0,164.816567228,3.0,1
153,0.135118085311,0.149204700562,0.979531041036,788391.7594999999,6348150.591,378.7842925,42.0,0.0,11.612590189400013,Liassic,163.0,235.718485105,2.0,1
154,0.152118033439,-0.0639271020025,0.986292770699,788839.6675190001,6348387.8363625,406.9323855,113.0,0.0,9.49751092415909,Liassic,164.0,324.129879932,2.0,1
155,0.04114307775629812,-0.24254350756459234,0.9692677102281927,789029.4217619998,6348370.508052,382.745447,170.0,0.0,14.241431617604556,Liassic,166.0,666,2.0,1
156,-0.0858225001103,-0.303731089097,0.948884568317,789698.7524074998,6348368.846673001,351.43045700000005,196.0,0.0,18.398446752083064,Liassic,167.0,270.832875526,2.0,1
157,-0.0754790873042,0.0435778713748,0.996194698093,789243.52,6348512.025,337.36944,300.0,0.0,4.999999999342611,Liassic,170.0,9999,1.0,1
158,-0.28527059918673037,0.23937045456524964,0.928074604070637,791635.3625,6349890.6680000005,443.20226449999996,310.0,0.0,21.863357160360955,Liassic,182.0,666,2.0,1
159,-0.30971504688362467,-0.04400606904064441,0.9498105366974321,791711.6320039999,6350137.362475,383.59313699999996,262.0,0.0,18.22960556643591,Liassic,183.0,666,2.0,1
160,-0.05689378717118266,-0.27442549239061176,0.9599238230752951,791306.075,6349968.028999999,446.6613685,192.0,0.0,16.275785360532257,Liassic,184.0,666,2.0,1
161,-0.005453641659961372,0.04909964954975702,0.9987789956775901,792443.5947395,6349667.9542295,291.9283015000001,354.0,0.0,2.831655595178801,Liassic,185.0,666,2.0,1
162,-0.0198247913467,0.0100286703304,0.999753171249,792039.929758,6349776.658231,289.5187160000001,297.0,0.0,1.2730469974211627,Liassic,187.0,9999,1.0,1
163,0.0275528409282,-0.00386983264938,0.999612857737,792275.538767,6349109.430339,261.794825,98.0,0.0,1.5943619979407273,Liassic,189.0,9999,1.0,1
164,-0.3136898030917204,-0.19432378352094887,0.9294283052470379,791707.1734999999,6349286.429500001,285.6016415,238.0,0.0,21.654127095398078,Liassic,190.0,666,2.0,1
165,-0.3063558746295941,0.22746040995404293,0.9243418415193998,786908.6325000001,6352632.635500001,502.61538550000006,307.0,0.0,22.430681342537977,Liassic,191.0,666,2.0,1
166,0.112821043297,0.109006413543,0.987617848156,787613.4840000002,6352333.0755,517.2241005,46.0,0.0,9.025781979171905,Liassic,193.0,151.098618264,2.0,1
167,0.5389855446958988,0.19617469496972148,0.8191520442887279,789861.166,6352792.3675,227.5166985,70.0,0.0,35.00000000002636,Liassic,194.0,666,2.0,1
168,-0.219846310392,0.26200263023,0.939692620787,789443.5333333332,6352676.616,252.9473373333333,320.0,0.0,19.999999999832475,Liassic,195.0,9999,2.0,1
169,0.4178408116409457,-0.11595836692717289,0.9010897365228498,789299.544,6351634.976,292.09452250000004,106.0,0.0,25.698319994763512,Liassic,196.0,666,2.0,1
170,0.029758108041845505,0.09670877447065135,0.9948677640501548,788397.5726666666,6348543.444666666,460.28117100000003,17.0,0.0,5.807334665313578,Liassic,197.0,666,2.0,1
171,-0.0271196679242,0.241995437553,0.969898310038,788624.9303333334,6348301.453333334,413.7939893333334,354.0,0.0,14.093814411405706,Liassic,198.0,269.301963299,3.0,1
172,-0.3134017163750476,-0.12263075217517418,0.9416692958752161,789528.9073925,6348529.3891835,320.1717795,249.0,0.0,19.666190597929845,Liassic,200.0,666,2.0,1
173,-0.03988459853271307,-0.05237061461712345,0.9978309163002061,789140.333897,6348255.555373,385.72514750000005,217.0,0.0,3.774455579074233,Liassic,201.0,666,2.0,1
174,0.163390745547,0.0735986441898,0.983812331618,788111.4540210001,6348514.9105165005,421.9549275,66.0,0.0,10.32327216707253,Liassic,202.0,157.635699633,2.0,1
175,-0.323744370966,0.271653782275,0.906307787038,789611.1690000001,6347432.804,336.410078,310.0,0.0,24.999999999864436,Liassic,206.0,9999,1.0,1
176,-0.09466166328469905,0.08660437753700118,0.9917352727898725,789858.5634999998,6347706.877500001,402.961773,312.0,0.0,7.371425094014273,Liassic,208.0,666,2.0,1
177,-0.2109328187790975,0.0580782542114238,0.975773673732622,788978.0996666667,6345629.037666667,278.5782473333333,285.0,0.0,12.63752743843716,Liassic,209.0,666,2.0,1
178,-0.31157834524,0.261445274575,0.913545457643,788508.898,6346812.056,406.541852,310.0,0.0,23.99999999997032,Liassic,210.0,411.014455363,2.0,1
179,0.0858316511784,0.0151344359023,0.996194698093,788258.051,6347044.17,432.905339,80.0,0.0,4.999999999342611,Liassic,213.0,9999,1.0,1
180,0.03757160869122771,0.25595813682169233,0.9659574557997475,792281.9693440001,6349909.968882501,397.74712150000005,8.0,0.0,14.99299645461705,Liassic,220.0,666,2.0,1
181,-0.15972337977797232,-0.0881400788315698,0.9832190846682474,791859.9973360002,6349200.8383685,261.2203895,241.0,0.0,10.51125693484066,Liassic,221.0,666,2.0,1
182,0.006128886349658927,0.01839250479390057,0.9998120585987745,788690.4814884999,6348329.965360502,420.806476,18.0,0.0,1.110850622006778,Liassic,223.0,666,2.0,1
183,0.0178999512563,-0.0491797118822,0.998629534755,787533.303,6348869.1615,417.4415785,160.0,0.0,2.9999999999628524,Liassic,226.0,730.177498425,2.0,1
184,0.120035036148,-0.0408224475768,0.991929996457,787463.5697967273,6349204.698310363,435.3816613636363,109.0,0.0,7.283950557211343,Liassic,227.0,171.612405983,10.0,1
185,-0.30795213695732976,0.09094485806447138,0.9470451489422492,789741.7,6347187.9955,299.759707,286.0,0.0,18.729487254050596,Liassic,228.0,666,2.0,1
186,-0.2697287776286021,-0.02917875509702956,0.9624941489536275,788721.574,6346659.422,386.090283,264.0,0.0,15.74178424236436,Liassic,229.0,666,2.0,1
187,-0.336262491937,0.0697059908295,0.939185078331,788629.1157500001,6345870.6075,292.46740125,282.0,0.0,20.08485175692812,Liassic,231.0,435.966661477,4.0,1
188,0.212012149898,-0.148452505549,0.96592582629,787525.013534,6347171.467094,442.115368,125.0,0.0,14.999999999778625,Liassic,232.0,9999,1.0,1
189,0.18443803954422658,0.09601236625555784,0.9781432589836168,787050.6724999999,6346740.001,473.07004700000005,62.0,0.0,12.001196429800693,Liassic,234.0,666,2.0,1
190,0.19297442547,-0.0819951518046,0.977771786357,787328.5719999998,6347240.794,491.977853,113.0,0.0,12.103129380028998,Liassic,236.0,407.055396808,2.0,1
191,-0.202557652742,-0.0868684745886,0.975409793594,792441.7405304998,6348001.042266667,207.38079883333333,247.0,0.0,12.732471303939171,Liassic,237.0,354.014382186,5.0,1
192,-0.09258203552084521,-0.28774478625862976,0.9532216450961405,791992.284201,6348002.988777,235.968277,198.0,0.0,17.59412919246298,Liassic,238.0,666,2.0,1
193,0.019549522460080248,-0.08467828488444433,0.9962165448538846,791079.3797363333,6348188.764200666,359.608901,167.0,0.0,4.985617406768978,Liassic,239.0,666,2.0,1
194,0.10395584541,0.180056805993,0.978147600735,787917.266,6352755.509,513.622694,30.0,0.0,11.999999999724416,Liassic,240.0,9999,1.0,1
195,0.0631830049848,-0.0124903071616,0.99792379474,787899.91,6352597.4945,517.3840485000001,101.0,0.0,3.6927332997097255,Liassic,241.0,134.93522135,2.0,1
196,0.19118177661,-0.0324952786252,0.981016607994,788065.6551995,6348741.034167501,496.699274,100.0,0.0,11.181858025038593,Liassic,242.0,174.129637674,2.0,1
197,0.224570122404,-0.102011782505,0.969103635507,787892.6477238334,6349078.473563,457.9968083333333,114.0,0.0,14.279594837455566,Liassic,245.0,141.323807883,6.0,1
198,-0.234569716009,-0.109381654946,0.96592582629,788605.067,6346082.743,307.95203300000014,245.0,0.0,14.999999999778625,Liassic,246.0,9999,1.0,1
199,-0.425206373907,0.0196809926241,0.904882422261,788684.0360000001,6346199.433,323.52813000000003,273.0,0.0,25.192548030987112,Liassic,247.0,133.593929594,4.0,1
200,0.142244259724,-0.0996005029241,0.984807753013,787639.84,6347209.555,418.73837,125.0,0.0,9.999999999670067,Liassic,249.0,9999,1.0,1
201,-0.00152792665018,-0.0158681249807,0.999872925951,787087.3114999998,6347034.127500001,483.815859,185.0,0.0,0.9134203089619805,Liassic,251.0,272.330904485,2.0,1
202,0.26200263023,-0.219846310392,0.939692620787,787893.1654350002,6348931.177003,482.29502300000007,130.0,0.0,19.999999999832475,Liassic,252.0,9999,1.0,1
203,0.04084302222162609,0.09860377817435471,0.9942882592415272,787725.3450760001,6347161.544186,410.73103949999995,23.0,0.0,6.126730901842972,Liassic,255.0,666,2.0,1
204,0.0858718076669398,0.11153176526044063,0.9900437858932816,787206.2372665,6347042.0080565,473.303938,38.0,0.0,8.09181100881351,Liassic,256.0,666,2.0,1
205,0.21363449802282342,0.1495884859375856,0.9653929697949105,787800.883852,6348704.7756115,395.763162,55.0,0.0,15.117510869778458,Liassic,257.0,666,2.0,1
206,0.32679320389324,-0.08828272896679683,0.9409635283343167,787685.6453750002,6349086.811972,428.71032199999996,105.0,0.0,19.78599692278487,Liassic,258.0,666,2.0,1
207,0.416197740728,-0.073386890999,0.906307787038,787108.9325000001,6348419.4055,359.18838700000003,100.0,0.0,24.999999999864436,Triassic,11.0,9999,2.0,1
208,0.0613733269638,-0.0149387198151,0.998003080852,786158.595437,6352912.2485449985,598.9167940000002,104.0,0.0,3.6215139990929037,Triassic,30.0,9999,1.0,1
209,0.0238581191489,-0.341186999445,0.939692620787,782155.9079999998,6347762.405,383.456519,176.0,0.0,19.999999999832475,Triassic,40.0,9999,1.0,1
210,-0.187647709843,-0.172902414579,0.966898697912,781846.2165000001,6346106.7525,200.70234,227.0,0.0,14.783098895023848,Triassic,41.0,863.811132312,2.0,1
211,-0.32206543066489673,0.004378227676478208,0.9467072881799566,786734.3930000002,6352609.143000001,473.31402649999995,271.0,0.0,18.789680431416713,Triassic,56.0,666,2.0,1
212,0.073386891001,-0.416197740726,0.906307787038,787115.9940000002,6348631.166,398.665943,170.0,0.0,24.999999999864436,Triassic,57.0,9999,1.0,1
213,0.248261422968,-0.0663422605979,0.96641863099,787058.6780000001,6351624.7425,391.11868749999996,105.0,0.0,14.89051544678847,Triassic,60.0,232.336178091,2.0,1
214,-0.144543958452,-0.309975519218,0.939692620787,784748.939,6347659.659,467.760161,205.0,0.0,19.999999999832475,Triassic,63.0,9999,1.0,1
215,0.109381654948,-0.408217893676,0.906307787038,784807.033,6347338.6115000015,478.75534300000004,165.0,0.0,24.999999999864436,Triassic,64.0,9999,2.0,1
216,0.073386891001,-0.416197740726,0.906307787038,784598.56,6347740.536,445.910587,170.0,0.0,24.999999999864436,Triassic,65.0,9999,1.0,1
217,0.0449434555285,-0.167731259496,0.984807753013,783636.3530000001,6347064.098333333,411.616935,165.0,0.0,9.999999999670067,Triassic,67.0,9999,2.0,1
218,0.34508707139,0.192237485927,0.918672772081,781702.784,6346639.510333332,202.00598666666667,61.0,0.0,23.267184899820514,Triassic,71.0,445.429052736,3.0,1
219,-0.0868240888325,-0.150383733179,0.984807753013,781986.4670000002,6347397.9870000025,378.91253,210.0,0.0,9.999999999670067,Triassic,72.0,9999,1.0,1
220,0.149954450552,-0.197091606094,0.968849091225,786501.8219999999,6345410.907499999,359.653983,143.0,0.0,14.338604112527086,Triassic,75.0,147.311170912,2.0,1
221,-0.085176627231,0.297046200088,0.951056516296,790721.838276,6350177.4739080025,414.074573,344.0,0.0,17.999999999814598,Triassic,81.0,9999,1.0,1
222,-0.0298090196252,0.340718653423,0.939692620787,789188.48,6349974.554,262.07012000000003,355.0,0.0,19.999999999832475,Triassic,88.0,9999,2.0,1
223,0.116977778442,-0.321393804842,0.939692620787,789344.13,6352066.706,228.741775,160.0,0.0,19.999999999832475,Triassic,92.0,9999,1.0,1
224,0.367420742447,-0.202952292657,0.907641099182,789300.019,6351883.309,259.3277985,119.0,0.0,24.818622422934602,Triassic,93.0,190.293621038,2.0,1
225,-0.00423975556215,0.0599540696119,0.998192132813,789607.6094000001,6352786.425,226.6922744,356.0,0.0,3.4457704477445503,Triassic,94.0,408.409410013,4.0,1
226,-0.296198132725,-0.171010071662,0.939692620787,789570.7685,6352524.908999999,211.1020125,240.0,0.0,19.999999999832475,Triassic,95.0,9999,2.0,1
227,0.0667651724188,0.0560226315522,0.996194698093,787845.5140000002,6350513.466,266.46029300000004,50.0,0.0,4.999999999342611,Triassic,100.0,9999,1.0,1
228,-0.147000312434,0.0535037381551,0.987688340596,788238.162,6350134.5139999995,257.992094,290.0,0.0,8.999999999633731,Triassic,103.0,9999,1.0,1
229,0.15266807561778184,-0.09594840331465569,0.9836088463350314,784007.5633333334,6347373.436333332,406.1071283333333,122.0,0.0,10.388130517059759,Triassic,105.0,666,2.0,1
230,-0.321393804842,-0.383022221558,0.866025403785,783089.3571354998,6347245.438181,305.825785,220.0,0.0,29.999999999885404,Triassic,106.0,9999,2.0,1
231,0.0977072103036,-0.360470817286,0.927638987398,783005.7320000001,6347097.144,324.69992075,165.0,0.0,21.930282796839087,Triassic,107.0,252.828346213,4.0,1
232,0.084671429019,-0.195574454192,0.977026807194,783167.7795,6347292.832999999,301.509991,157.0,0.0,12.305046541017482,Triassic,108.0,589.062021596,2.0,1
233,0.0163998975451,-0.00596907455006,0.999847695157,786282.431,6346628.909,373.323447,110.0,0.0,0.9999999967169997,Triassic,111.0,9999,1.0,1
234,0.0842632388533,0.314474688608,0.945518575599,790400.8000624999,6349919.3575869985,313.36789250000004,15.0,0.0,19.000000000047432,Triassic,117.0,183.038037256,2.0,1
235,-0.106762958598,-0.27812701596,0.954592600885,790513.0843333335,6350462.369,362.59523566666667,201.0,0.0,17.332377775701932,Triassic,122.0,175.567081351,3.0,1
236,-0.496731764891,-0.709406479915,0.500000000001,789577.447,6348625.6460000025,286.877075,215.0,0.0,59.99999999993384,Triassic,124.0,9999,1.0,1
237,-0.368687826494,-0.43938504177,0.81915204429,790881.464,6348333.194,373.178653,220.0,0.0,34.99999999990011,Triassic,128.0,9999,1.0,1
238,1e-12,0.309016994376,0.951056516296,789675.4286344999,6350207.165623,304.46494800000005,0.0,0.0,17.999999999814598,Triassic,131.0,9999,2.0,1
239,-0.144543958452,0.30997551922,0.939692620787,789384.0542025,6350252.1996625,287.1660805,335.0,0.0,19.999999999832475,Triassic,134.0,9999,2.0,1
240,-0.00737570567072,0.0158172518576,0.999847695157,789306.585,6350038.4470000025,266.663084,335.0,0.0,0.9999999967169997,Triassic,135.0,9999,1.0,1
241,0.276051491374,0.0220598507648,0.960889659167,789472.3775,6352341.294749999,207.88133599999998,85.0,0.0,16.07715285747114,Triassic,137.0,183.069576162,3.0,1
242,0.0632134671273,-0.0260574602571,0.99765979489,789668.634448,6352130.826968,77.04758199999998,112.0,0.0,3.920570999162071,Triassic,138.0,9999,1.0,1
243,1e-12,0.342020143327,0.939692620787,789608.2320000002,6352641.549,217.767989,0.0,0.0,19.999999999832475,Triassic,140.0,9999,1.0,1
244,0.0954044976893,0.165245437268,0.981627183449,788025.067,6350409.306499999,267.53767700000003,30.0,0.0,10.999999999699721,Triassic,142.0,9999,2.0,1
245,-0.3784251296441233,0.2534708044466667,0.8902510727581227,788607.1978445,6350642.2710935,340.5913045,304.0,0.0,27.09518646069906,Triassic,148.0,666,2.0,1
246,0.276288630576,-0.276288630574,0.920504853453,784487.4820000002,6347807.886,396.075153,135.0,0.0,22.99999999985336,Triassic,150.0,9999,1.0,1
247,-0.11439899884755407,-0.2722948043340735,0.9553891398772262,783246.5965,6347298.132000001,287.093609,203.0,0.0,17.178522927454576,Triassic,151.0,666,2.0,1
248,-0.0868240888325,-0.150383733179,0.984807753013,786341.26,6346808.32,402.210381,210.0,0.0,9.999999999670067,Triassic,152.0,9999,1.0,1
249,0.19617469497,-0.280166499592,0.939692620787,786089.9040000002,6346474.402000003,343.500269,145.0,0.0,19.999999999832475,Triassic,154.0,9999,1.0,1
250,-0.18968836058330155,-0.21547296870123447,0.957909038279886,786032.1266029999,6346303.128153,342.43267249999997,221.0,0.0,16.682735746251435,Triassic,156.0,666,2.0,1
251,0.13543713365667281,-0.24451599141936112,0.9601399443659614,785678.728,6345918.8025,253.0959795,151.0,0.0,16.231543623671563,Triassic,159.0,666,2.0,1
252,-0.234569716009,-0.109381654946,0.96592582629,790273.55,6350397.5835000025,339.679402,245.0,0.0,14.999999999778625,Triassic,161.0,9999,2.0,1
253,0.0582216170811,0.217286033043,0.974370064786,790235.0190000002,6350127.219,297.331854,15.0,0.0,12.999999999745299,Triassic,162.0,9999,1.0,1
254,-0.0885213269004,0.33036608955,0.939692620787,789919.015,6350219.37,300.7260080000001,345.0,0.0,19.999999999832475,Triassic,163.0,9999,1.0,1
255,0.0597273353867,0.183682275378,0.981169438537,789980.7354653999,6350346.7646127995,332.3188164,18.0,0.0,11.136613066717624,Triassic,165.0,302.806438322,4.0,1
256,-0.27238400977842747,-0.3712467572677149,0.8876839507590705,790819.4402485,6350520.447358,386.397129,216.0,0.0,27.416359333421173,Triassic,166.0,666,2.0,1
257,0.257852618479621,-0.2720411429963707,0.9270952721594642,789355.8455,6348731.945500001,261.3245,137.0,0.0,22.013544646098975,Triassic,167.0,666,2.0,1
258,-0.0769377918469,-0.211384845804,0.974370064786,789095.7170000002,6348625.489,241.526347,200.0,0.0,12.999999999745299,Triassic,169.0,9999,1.0,1
259,-0.15284391836450695,0.0939223730654216,0.983777070507716,790514.6595000001,6348562.362500001,371.9409075,302.0,0.0,10.334540036073674,Triassic,171.0,666,2.0,1
260,0.0520603739265788,-0.24081478313290364,0.9691738531818105,789882.9890000001,6348347.774499999,346.9406685,168.0,0.0,14.2632746858365,Triassic,172.0,666,2.0,1
261,0.003503229767077348,0.08023715322619901,0.9967696457172813,789620.1580599998,6350185.526281001,297.30681500000003,3.0,0.0,4.606591348526657,Triassic,174.0,666,2.0,1
262,-0.16867678734,0.530955716936,0.830442152149,789499.9529999999,6350231.040666667,291.7887933333334,342.0,0.0,33.8558154599444,Triassic,175.0,243.025316283,2.0,1
263,-0.06569422188016844,0.20430939967874065,0.9766995128566779,789304.2525,6350033.9695000015,266.2859715,342.0,0.0,12.392731174952857,Triassic,176.0,666,2.0,1
264,-0.17021652345022767,0.1328639333153728,0.9764084751621558,789539.7909999999,6352682.241499999,233.466502,308.0,0.0,12.470192544593381,Triassic,179.0,666,2.0,1
265,-0.0309173876587,0.357192725801,0.933518865249,787552.4805000001,6350048.291,263.18922399999997,355.0,0.0,21.00984019601958,Triassic,180.0,193.500372718,2.0,1
266,0.320098758464,-0.203160557848,0.925344569641,787482.97005,6349539.400924001,331.55725200000006,122.0,0.0,22.279629377041147,Triassic,182.0,395.206820546,2.0,1
267,0.1911257307309869,0.042855345334057486,0.9806295806413576,787446.818406,6349443.812068999,345.90669450000007,77.0,0.0,11.295635861896393,Triassic,184.0,666,2.0,1
268,-0.0872646671588,0.239757702539,0.966902850311,787602.8144125,6350799.460966499,307.093429,340.0,0.0,14.78216645359319,Triassic,186.0,990.139553004,2.0,1
269,-0.087867277368,0.188431984405,0.978147600735,788910.814,6350237.294,296.54983,335.0,0.0,11.999999999724416,Triassic,187.0,9999,1.0,1
270,-0.127407228452,0.00306810286895,0.991845746517,789116.3014856667,6350283.638799999,287.241197,271.0,0.0,7.32192521240897,Triassic,188.0,190.579082966,3.0,1
271,-0.144543958452,-0.309975519218,0.939692620787,784315.7579999998,6347702.616,410.732708,205.0,0.0,19.999999999832475,Triassic,189.0,9999,1.0,1
272,-0.08781006905143497,0.16613973465402757,0.9821847994864671,786386.1887125,6346677.885976,393.161165,332.0,0.0,10.831281858849852,Triassic,191.0,666,2.0,1
273,0.24326448891,-0.165684963133,0.955704390189,786173.6089999999,6346355.887,378.317991,124.0,0.0,17.117260663638536,Triassic,192.0,330.599624229,2.0,1
274,0.0753575060169,-0.0544768845222,0.995667371836,786226.8865,6346485.603999998,380.610395,126.0,0.0,5.335440329532001,Triassic,193.0,298.631251797,2.0,1
275,0.150383733181,-0.0868240888325,0.984807753013,785580.5340000001,6345575.89,290.53014,120.0,0.0,9.999999999670067,Triassic,195.0,9999,1.0,1
276,-0.409576022143,-0.286788218175,0.866025403785,786060.445,6345670.5989999985,330.569192,235.0,0.0,29.999999999885404,Triassic,196.0,9999,1.0,1
277,0.0669872981088,-0.249999999999,0.96592582629,789197.921,6348685.8220000025,248.404516,165.0,0.0,14.999999999778625,Triassic,201.0,9999,1.0,1
278,-0.1439395679986781,-0.3456560670330909,0.9272557813718765,789070.7306436667,6348745.815511334,238.785178,203.0,0.0,21.988996237201814,Triassic,203.0,666,2.0,1
279,0.2388598846694643,0.06958887067480403,0.9685573522377988,789520.8674999999,6352271.9855,239.225987,74.0,0.0,14.405944921241966,Triassic,205.0,666,2.0,1
280,0.1249539394629297,-0.22666302511598532,0.9659246275243037,789428.9410000001,6352195.127500001,226.404902,151.0,0.0,15.00026537292878,Triassic,206.0,666,2.0,1
281,0.413383038749,0.08786727737,0.906307787038,787547.564172,6350342.986391,239.842292,78.0,0.0,24.999999999864436,Triassic,207.0,9999,1.0,1
282,0.193871394669,-0.116927081943,0.974033849431,787542.089,6350271.735999999,251.479553,121.0,0.0,13.085359780868375,Triassic,208.0,280.583891215,2.0,1
283,0.34411682825090634,0.004012558824272697,0.9389182647526984,787501.9221095,6349477.638232499,352.0853545,89.0,0.0,20.129320537812816,Triassic,209.0,666,2.0,1
284,0.2157321127460081,0.01655515284517362,0.9763122361439586,787486.8060000001,6350809.582,310.801577,86.0,0.0,12.495703134617848,Triassic,210.0,666,2.0,1
285,0.06322559176782745,-0.20646794951498737,0.9764084751622574,784452.659397,6347709.1307245,399.287655,163.0,0.0,12.470192544566427,Triassic,211.0,666,2.0,1
286,-0.17589407377788946,-0.29101579387120946,0.940410060839062,785727.372,6345646.324999999,301.66280100000006,211.0,0.0,19.87946482349412,Triassic,212.0,666,2.0,1
287,-0.1642018125405044,-0.29977509997702806,0.9397726609091029,785968.9195000001,6345679.354000001,331.65092500000003,209.0,0.0,19.986587232808052,Triassic,213.0,666,2.0,1
288,0.198266891275,0.166365675344,0.96592582629,789832.141957,6350201.661993,300.697748,50.0,0.0,14.999999999778625,Triassic,219.0,9999,1.0,1
289,-0.301648857181173,-0.038686882422260004,0.9526338709544914,789144.3915000001,6348657.842999999,242.20403900000002,263.0,0.0,17.70520248881237,Triassic,220.0,666,2.0,1
290,0.2558601540331112,-0.2769571621061594,0.926191293381802,791790.013,6348321.910499997,222.483159,137.0,0.0,22.15131706343867,Triassic,222.0,666,2.0,1
291,0.431705726151,0.0438987640204,0.900945650151,790867.038163,6349408.234072,280.4780975,84.0,0.0,25.717351524689363,Triassic,223.0,143.091944337,2.0,1
292,0.073386891001,-0.416197740726,0.906307787038,791535.094612,6349465.07815,305.307894,170.0,0.0,24.999999999864436,Triassic,224.0,9999,1.0,1
293,-0.45429461439016483,-0.22587349516669555,0.8617410095366659,791405.4690960001,6350405.7807094995,391.5571195,244.0,0.0,30.487371042576665,Triassic,225.0,666,2.0,1
294,0.44115896322,0.160568731192,0.88294759286,789839.6209999998,6350186.016,297.797118,70.0,0.0,27.999999999877954,Triassic,229.0,9999,1.0,1
295,-0.402613526352,-0.181323752324,0.897231322036,789782.8635000001,6348478.29125,312.93421324999997,246.0,0.0,26.20350984948074,Triassic,230.0,207.801566114,4.0,1
296,0.219846310394,0.26200263023,0.939692620787,789862.9190000001,6348550.819,337.399222,40.0,0.0,19.999999999832475,Triassic,231.0,9999,1.0,1
297,0.166365675344,0.198266891275,0.96592582629,791826.927,6350176.4229999995,360.567437,40.0,0.0,14.999999999778625,Triassic,232.0,9999,1.0,1
298,0.382192715865,0.0812375695803,0.920504853453,791621.056071,6350388.188026,359.320303,78.0,0.0,22.99999999985336,Triassic,235.0,9999,1.0,1
299,0.17511131156199186,0.2014285689690075,0.9637232798714249,789852.0139255,6350180.264855,296.8887565,41.0,0.0,15.480085528181808,Triassic,236.0,666,2.0,1
300,-0.271653782273,0.323744370968,0.906307787038,791715.383019,6350132.549471,380.513222,320.0,0.0,24.999999999864436,Triassic,237.0,9999,1.0,1
301,-0.3301551336179829,-0.08140334893882493,0.9404100608390129,791531.004621,6350329.379009999,380.7052485,256.0,0.0,19.879464823502385,Triassic,239.0,666,2.0,1
302,-0.39942847253808417,0.021767658606992608,0.916505899798066,791652.745,6350196.0005,399.819357,273.0,0.0,23.579501860110593,Triassic,240.0,666,2.0,1
713,-0.9254165783973234,-0.336824088832465,0.17364817766793042,783639.818,6352489.679,408.343143,250.0,,80.0,fault_NWSE,,30.0,,1
714,-0.8443743289408636,-0.41237630167438283,0.3420201433266688,784347.3740000002,6350359.261,316.354856,243.97,,70.0,fault_NWSE,,30.0,,1
715,-0.9361168066618591,-0.0818996083180894,0.3420201433266688,784714.333,6349361.863,404.256019,265.0,,70.0,fault_NWSE,,30.0,,1
716,-0.9106174280000568,-0.23194422040603874,0.3420201433266688,784621.048,6350057.44,357.440542,255.71,,70.0,fault_NWSE,,30.0,,1
712,0.5265407845193631,0.36868782649561227,0.766044443119978,786416.757671,6351490.966358,270.371423,55.0,,40.0,fault_NS,,30.0,,1
709,0.6000939307992761,-0.23035447767548986,0.766044443119978,791031.228,6345649.805,241.782365,111.0,,40.0,fault_NESW1,,100.0,,1
710,0.8528685319534431,-0.15038373317943524,0.5000000000010001,791639.175,6349891.244,443.273715,100.0,,60.0,fault_NESW2,,100.0,,1
711,0.9076733711913687,-0.33036608954835217,0.2588190451035207,791682.282,6350183.432999997,387.023171,110.0,,75.0,fault_NESW3,,100.0,,1
0,-0.02601179337786995,-0.038497363466281256,0.998920086700273,780291.429877,6346095.964954,-14.621493,214.046,,2.6630000000000003,Triassic,,10000,,1
1,0.17431625728449426,0.004330215082750553,0.9846801976712996,782104.797112,6346980.038055,-956.27828,88.57700000000001,,10.042,Carboniferous,,10000,,1
2,0.1731648215962074,0.030303079063331836,0.9844265680908916,789425.182358,6347079.380725,-931.862731,80.074,,10.125,Carboniferous,,10000,,1
3,0.05021263825488165,-0.020698339850257992,0.9985240456238316,789414.6526,6352235.521775,-222.875418,112.40213,,3.113347,Carboniferous,,10000,,1
4,-0.08057833687982346,0.033215284425741794,0.9961946980927456,788287.5766,6352700.117989,-262.283918,292.402,,5.0,Carboniferous,,10000,,1
5,0.06613428336508695,-0.04113774600787465,0.9969623575738564,793813.876587,6347090.216383999,-630.084856,121.883,,4.467,Liassic,,10000,,1
