Unnamed: 0,G_x,G_y,G_z,X,Y,Z,azimuth,beta,dip,formation,index,kappa,n_points,polarity
0,0.0631602263144,-0.00693149200055,0.9979793285590001,782140.0746111111,6347908.678333333,338.93438750000007,96.0,0.0,3.642995540703677,Carboniferous,22.0,100000.0,18.0,1
1,0.090449194172,0.144845444015,0.9853114942100001,782024.623,6348805.6685,463.4848585,32.0,0.0,9.832398496949013,Carboniferous,40.0,100000.0,6.0,1
2,0.316693267711,-0.131853890172,0.9393188627050001,786595.5775,6345893.498,359.0839065,113.0,0.0,20.062518869878012,Carboniferous,48.0,100000.0,4.0,1
3,0.0372745535324,0.00710682144969,0.999279791024,785990.322714,6350189.0099260025,695.306224,79.0,0.0,2.174667998490179,Carboniferous,53.0,100000.0,1.0,1
4,0.252330980167,-0.16003872009099998,0.954314772242,780315.2220000002,6350159.2818,411.2742646,122.0,0.0,17.38573102085562,Carboniferous,60.0,100000.0,5.0,1
5,0.0771063545152,0.122697049637,0.989444310764,780857.1685555556,6348659.794777777,309.8883189999999,32.0,0.0,8.33227687507253,Carboniferous,63.0,100000.0,9.0,1
6,-0.5416752204190001,-0.454519477671,0.707106781188,784161.767,6350283.949,334.509462,230.0,0.0,44.99999999991897,Carboniferous,64.0,100000.0,1.0,1
7,-0.219846310392,-0.26200263022799997,0.9396926207870001,784213.444715,6351593.650478,471.975305,220.0,0.0,19.99999999983248,Carboniferous,67.0,100000.0,1.0,1
8,0.290049531395,0.181243062705,0.9396926207870001,782120.079,6349777.432,441.316831,58.0,0.0,19.99999999983248,Carboniferous,73.0,100000.0,1.0,1
9,0.509352976954,0.08537413366010001,0.8563123274660001,789847.876977,6350166.77925325,294.4789662500001,80.0,0.0,31.094981130312227,Carboniferous,78.0,100000.0,4.0,1
10,0.643434376475,-0.463807145529,0.608995184649,786913.1469999999,6348282.5260000015,340.82830099999995,126.0,0.0,52.483116317162285,Carboniferous,80.0,100000.0,2.0,1
11,0.399704080611,-0.024349487553,0.91632076829,787106.4433333335,6349103.508666667,476.42022099999997,93.0,0.0,23.60600454929677,Carboniferous,82.0,100000.0,3.0,1
12,0.144543958454,-0.39713126196599996,0.906307787038,785209.431,6348110.057999997,378.87158700000003,160.0,0.0,24.99999999986444,Carboniferous,84.0,100000.0,1.0,1
13,0.515293778452,-0.19288078202700001,0.835026541981,786255.754491,6347700.0675125,354.5144165000001,111.0,0.0,33.381397972948086,Carboniferous,86.0,100000.0,2.0,1
14,0.763129412739,0.0667651724188,0.642787609688,786072.5279999998,6346911.516,375.10193300000003,85.0,0.0,49.999999999925215,Carboniferous,89.0,100000.0,1.0,1
15,0.142187329356,-0.162646940698,0.976385546827,787446.2036604001,6350488.879261,265.7356778,139.0,0.0,12.4762749389387,Carboniferous,92.0,100000.0,4.0,1
16,0.219846310394,0.26200263023000003,0.9396926207870001,780976.713,6350305.958,518.107528,40.0,0.0,19.99999999983248,Carboniferous,101.0,100000.0,1.0,1
17,0.37343316664899995,0.133505672367,0.9179999485250001,779866.6746666665,6352169.492000001,547.4862006666667,70.0,0.0,23.364582436214217,Carboniferous,104.0,100000.0,3.0,1
18,0.286788218177,0.40957602214500005,0.866025403785,782582.3692875,6352002.853841,502.59141300000016,35.0,0.0,29.999999999885407,Carboniferous,105.0,100000.0,2.0,1
19,0.706676030841,-0.0246776707773,0.707106781187,779641.0695000001,6349444.536,276.8031695,92.0,0.0,44.99999999999857,Carboniferous,107.0,100000.0,2.0,1
20,0.19617469497,0.280166499594,0.9396926207870001,783438.8559999998,6351159.14,383.625108,35.0,0.0,19.99999999983248,Carboniferous,112.0,100000.0,1.0,1
21,0.26200263023000003,-0.219846310392,0.9396926207870001,783669.229285,6348762.708254,413.013233,130.0,0.0,19.99999999983248,Carboniferous,117.0,100000.0,1.0,1
22,0.33869162680299997,-0.0476000039364,0.9396926207870001,781755.196,6349212.71,340.930849,98.0,0.0,19.99999999983248,Carboniferous,122.0,100000.0,1.0,1
23,-0.13164843012900002,0.023725218934999997,0.9910125149719999,782153.7565,6349337.887999999,446.10928650000005,280.0,0.0,7.687453917430937,Carboniferous,123.0,100000.0,2.0,1
24,-0.0372930974716,-0.33976234463699995,0.9397716605900001,791034.0380349999,6350590.660307,406.8030326666666,186.0,0.0,19.986754915155412,Carboniferous,125.0,100000.0,3.0,1
25,0.274739533455,0.0999970123545,0.956304755963,790509.748762,6349703.906821501,295.6579785,70.0,0.0,17.00000000005327,Carboniferous,127.0,100000.0,2.0,1
26,0.452547508549,0.0362704982488,0.8910023588429999,789170.3213333334,6348864.031,232.65345699999997,85.0,0.0,27.000525681883968,Carboniferous,128.0,100000.0,3.0,1
27,-0.157888556686,-0.160231646429,0.974370064786,788818.373,6349048.211,233.209967,225.0,0.0,12.9999999997453,Carboniferous,129.0,100000.0,1.0,1
28,0.107825562886,-0.261317191298,0.959211641673,789722.1572499998,6349649.631874999,235.692782125,158.0,0.0,16.42075372073978,Carboniferous,131.0,100000.0,8.0,1
29,0.116977778442,-0.32139380484200003,0.9396926207870001,787100.326973,6348600.445533997,388.700127,160.0,0.0,19.99999999983248,Carboniferous,134.0,100000.0,1.0,1
30,-0.163175911166,0.059391174614900004,0.984807753013,787357.2389989998,6349360.034379,384.076278,290.0,0.0,9.999999999670068,Carboniferous,135.0,100000.0,1.0,1
31,-0.11400393015999999,-0.0798264112836,0.990268068743,785603.48,6347298.0529999975,393.13748,235.0,0.0,7.999999999588303,Carboniferous,140.0,100000.0,1.0,1
32,0.167731259498,-0.0449434555265,0.984807753013,786171.035,6346601.475,342.335348,105.0,0.0,9.999999999670068,Carboniferous,142.0,100000.0,1.0,1
33,0.802964772034,-0.46359192728200005,0.37460659341700003,787255.782,6349980.968999999,294.674648,120.0,0.0,67.99999999995572,Carboniferous,143.0,100000.0,2.0,1
34,0.816034923453,0.0713938048443,0.5735764363520001,787191.754655,6349883.326372,311.461319,85.0,0.0,54.99999999993007,Carboniferous,144.0,100000.0,1.0,1
35,0.8232772324492091,-0.14400940557170475,0.5490682012625165,786408.6085000002,6351081.317499999,295.244208,100.0,0.0,56.696888857402364,Carboniferous,147.0,100000.0,2.0,1
36,-0.0743550784626,-0.018827155330599997,0.9970540910760001,786750.972787,6351931.005312,15.771346,256.0,0.0,4.3989999992530135,Carboniferous,152.0,100000.0,1.0,1
37,0.524550656152,-0.0514443565336,0.84982356246,786449.052,6351593.01925,269.43893975000003,96.0,0.0,31.80751575093777,Carboniferous,153.0,100000.0,4.0,1
38,0.427843550553,0.257164331177,0.8664966260870001,785134.1456666664,6352966.1570000015,493.38518433333337,59.0,0.0,29.94595774938376,Carboniferous,157.0,100000.0,3.0,1
39,-0.08808473540410001,0.0840118172759,0.9925638991760001,779851.0920000001,6350709.918,436.776637,314.0,0.0,6.991651201821173,Carboniferous,158.0,100000.0,2.0,1
40,0.238065564607,0.015215974825299999,0.9711298888709999,779689.3465,6350680.6505,419.2220365,86.0,0.0,13.80105468875546,Carboniferous,159.0,100000.0,2.0,1
41,0.0754790873062,0.0435778713748,0.9961946980930001,781903.9615,6350335.712000001,466.0843025,60.0,0.0,4.999999999342611,Carboniferous,162.0,100000.0,2.0,1
42,0.409150397287,-0.319944768546,0.8545357204240001,780966.8439999998,6351789.105,551.89068,128.0,0.0,31.29151903099539,Carboniferous,164.0,100000.0,2.0,1
43,-0.0125890674601,-0.0417203720965,0.999050011727,780593.3809999999,6351990.9715,555.566182,197.0,0.0,2.497647467234192,Carboniferous,165.0,100000.0,2.0,1
44,-0.114408925067,-0.10668804861400001,0.987688340596,782253.795,6352873.49,547.15273,227.0,0.0,8.999999999633731,Carboniferous,167.0,100000.0,1.0,1
45,0.4077942797139542,0.11040977354227306,0.9063738231761336,780038.5995,6349684.5605000025,359.5073455,75.0,0.0,24.991045757887637,Carboniferous,168.0,100000.0,2.0,1
46,0.347730222842,0.106931891094,0.931476925527,779716.0451999998,6348530.4092,231.492889,73.0,0.0,21.333776426569386,Carboniferous,169.0,100000.0,5.0,1
47,0.029809019627200003,0.08189960832010001,0.9961946980930001,780271.777,6348464.79,210.88620699999998,20.0,0.0,4.999999999342611,Carboniferous,170.0,100000.0,1.0,1
48,0.2625369215666539,-0.01011268785455423,0.9648689539821772,780089.9365000002,6349101.3455,319.6465310000001,92.0,0.0,15.232208467517662,Carboniferous,171.0,100000.0,2.0,1
49,0.136836631347,0.7760390996100001,0.615661475327,783214.848,6351613.938999997,450.87790099999995,10.0,0.0,51.999999999927304,Carboniferous,175.0,100000.0,1.0,1
50,-0.4872427424287011,-0.2802961207444635,0.8270602122253032,783514.9335,6352534.4070000015,421.195287,240.0,0.0,34.202075543305945,Carboniferous,176.0,100000.0,2.0,1
51,-0.405536980616,-0.09257504986710001,0.909378698615,783040.830071,6348997.735194333,440.5148146666667,257.0,0.0,24.58036700422606,Carboniferous,177.0,100000.0,3.0,1
52,-0.94479258816,0.170222100303,0.279984645877,783110.3284858002,6349061.0898790015,445.4373544,280.0,0.0,73.74071167124228,Carboniferous,178.0,100000.0,5.0,1
53,-0.341022207132198,-0.061394699647130575,0.9380482637358928,784919.8705000002,6348354.831000001,402.252793,260.0,0.0,20.27367073557498,Carboniferous,183.0,100000.0,2.0,1
54,-0.08615690542841987,0.13469990538183066,0.9871336906099012,791523.5248380002,6350505.446088999,356.19904,327.0,0.0,9.20092255092553,Carboniferous,186.0,100000.0,2.0,1
55,-0.026379452015400002,-0.20334873442,0.978750947239,790565.3428782858,6348942.229091572,250.68072628571431,187.0,0.0,11.832580290661259,Carboniferous,188.0,100000.0,7.0,1
56,0.5740229374809461,0.03008326741175566,0.8182864194568908,789835.4406666666,6348610.426666668,326.58763733333336,87.0,0.0,35.086376168366286,Carboniferous,189.0,100000.0,2.0,1
57,0.4853776449598569,-0.2831007624865167,0.8272016078639935,786896.5298009998,6348549.598575997,357.0916375000001,120.0,0.0,34.187660526609996,Carboniferous,191.0,100000.0,2.0,1
58,0.3499361941626868,0.12736635856830006,0.9280746040701608,787312.7660000002,6349160.8125,458.350171,70.0,0.0,21.863357160434237,Carboniferous,192.0,100000.0,2.0,1
59,-0.6702959112221247,-0.16056719402834094,0.7245147117904278,785177.7270000001,6347900.815,387.22119649999996,257.0,0.0,43.571507464344165,Carboniferous,193.0,100000.0,2.0,1
60,-0.1527809369783261,-0.5237556645730501,0.8380560775530881,785089.7875,6347728.262999999,389.5940585,196.0,0.0,33.064588066703514,Carboniferous,194.0,100000.0,2.0,1
61,0.40957602214500005,0.286788218177,0.866025403785,785629.392,6347427.586,390.186018,55.0,0.0,29.999999999885407,Carboniferous,195.0,100000.0,1.0,1
62,0.5272028623662945,-0.30438071450285104,0.7933533402913987,786217.3851569999,6346876.451258,397.9649975,120.0,0.0,37.49999999998461,Carboniferous,197.0,100000.0,2.0,1
63,0.271653782275,0.323744370968,0.906307787038,787473.109,6349897.193,279.944009,40.0,0.0,24.99999999986444,Carboniferous,198.0,100000.0,1.0,1
64,-0.4864234750735855,0.22059484941177787,0.8454171250396647,787506.7175934998,6349831.3681335,289.20685499999996,294.0,0.0,32.283345049419864,Carboniferous,200.0,100000.0,2.0,1
65,0.482962913146,0.129409522552,0.866025403785,786604.196,6351052.944,257.514523,75.0,0.0,29.999999999885407,Carboniferous,203.0,100000.0,1.0,1
66,0.321393804844,-0.556670399225,0.7660444431199999,786634.8259999999,6352426.6510000015,401.636104,150.0,0.0,39.99999999991086,Carboniferous,205.0,100000.0,1.0,1
67,0.323019040492,0.472222245963,0.82016147794,786762.118,6352314.5175,378.254756,34.0,0.0,34.89903841919478,Carboniferous,206.0,100000.0,2.0,1
68,0.321393804844,0.38302222155999993,0.866025403785,786864.8620000002,6352072.052,368.15632400000004,40.0,0.0,29.999999999885407,Carboniferous,207.0,100000.0,1.0,1
69,0.48400370410599997,-0.09408078962680001,0.869993804251,786485.4005,6352114.845000002,303.599874,101.0,0.0,29.54208047804911,Carboniferous,208.0,100000.0,2.0,1
70,0.48683099273100006,0.0640925160968,0.8711416267730001,786374.4094999998,6352728.065500001,429.57942699999995,82.0,0.0,29.408423889422888,Carboniferous,210.0,100000.0,2.0,1
71,-0.307830737662,0.533178477764,0.788010753608,786301.0109999998,6352840.945,416.806013,330.0,0.0,37.999999999906954,Carboniferous,212.0,100000.0,1.0,1
72,0.4118515480241069,0.20564292195061126,0.8877439332610286,785644.4430000002,6352718.1044999985,470.7003425,63.0,0.0,27.408894567330307,Carboniferous,213.0,100000.0,2.0,1
73,0.23870895237,-0.137818677907,0.9612616959389999,780697.199,6351427.882,508.29709299999996,120.0,0.0,15.999999999792132,Carboniferous,215.0,100000.0,1.0,1
74,-0.14219812243899999,0.19571892485300002,0.970295726277,780613.627,6350844.616,403.18723900000003,324.0,0.0,13.999999999763169,Carboniferous,217.0,100000.0,1.0,1
75,0.368687826496,0.526540784519,0.7660444431199999,781563.985,6350409.079,506.15714199999996,35.0,0.0,39.99999999991086,Carboniferous,218.0,100000.0,1.0,1
76,-0.124874785167,-0.328820378494,0.936100126438,781515.5803333332,6352710.9443333335,599.240415,201.0,0.0,20.59338897838078,Carboniferous,220.0,100000.0,3.0,1
77,0.296636740893,-0.342302094353,0.8915357088500001,781224.0396666665,6352825.3226666665,566.2767889999999,139.0,0.0,26.933137774054213,Carboniferous,221.0,100000.0,3.0,1
78,0.5192827414397412,-0.4228979829975327,0.7426322982603473,783579.423,6350796.0165,353.6898695,129.0,0.0,42.04386762340728,Carboniferous,223.0,100000.0,2.0,1
79,0.11643746537116632,-0.201675605926441,0.97250669233283,783293.5493685,6351685.278625,447.59392599999995,150.0,0.0,13.466390249336335,Carboniferous,224.0,100000.0,2.0,1
80,0.12866703005777075,-0.0926919439520726,0.9873464432014218,784231.1238175001,6349276.953500002,395.8833745,126.0,0.0,9.124371372186971,Carboniferous,229.0,100000.0,2.0,1
81,-0.401933851733,0.130596225012,0.906307787038,783917.453329,6348133.4437919995,379.009029,288.0,0.0,24.99999999986444,Carboniferous,233.0,100000.0,1.0,1
82,1e-12,1e-12,1.0,791218.8309999999,6348572.395,231.46082,45.0,0.0,0.0,Carboniferous,235.0,100000.0,1.0,1
83,-0.716283322519908,-0.4114065499999834,0.5636336154781337,785716.5930940001,6347371.283622,380.383128,240.0,0.0,55.69253916563174,Carboniferous,238.0,100000.0,2.0,1
84,-0.4588252117375337,-0.6836603714196644,0.5675279038288196,786503.6125,6350840.5984999975,282.291666,214.0,0.0,55.42198174672093,Carboniferous,240.0,100000.0,2.0,1
85,-0.4327269592488169,-0.7185070261396951,0.5445135738686082,786480.6680000002,6350842.516,281.0085585,211.0,0.0,57.00857076109261,Carboniferous,241.0,100000.0,2.0,1
86,0.5678636083596349,-0.2636752774284288,0.7797475683667223,786657.3559999998,6350903.679,262.48953200000005,115.0,0.0,38.76253119216157,Carboniferous,242.0,100000.0,2.0,1
87,0.24321034680300002,-0.0885213269004,0.9659258262899999,786531.569892,6352580.20501,414.97920899999997,110.0,0.0,14.999999999778625,Carboniferous,243.0,100000.0,1.0,1
88,0.4025489761025941,0.06914601486961283,0.9127831891891988,786177.4800000002,6352825.3659999985,412.740473,80.0,0.0,24.107153500336608,Carboniferous,245.0,100000.0,2.0,1
89,-0.154508497186,-0.475528258147,0.866025403785,780351.814,6351085.708,466.62799299999995,198.0,0.0,29.999999999885407,Carboniferous,246.0,100000.0,1.0,1
90,0.336824088834,-0.0593911746129,0.9396926207870001,780554.5750000002,6350445.360333334,425.5402773333333,100.0,0.0,19.99999999983248,Carboniferous,248.0,100000.0,2.0,1
91,-0.0747579770507,0.230081395246,0.970295726277,781491.677,6350257.039,475.69265099999996,342.0,0.0,13.999999999763169,Carboniferous,249.0,100000.0,1.0,1
92,-0.34228303011796724,0.11380455441948753,0.9326793933001012,783516.1653333334,6350869.063999998,372.62155733333327,288.0,0.0,21.143588401386896,Carboniferous,251.0,100000.0,2.0,1
93,-0.243210346801,0.0885213269024,0.9659258262899999,784580.3111640002,6349969.81479,346.2844205,290.0,0.0,14.999999999778625,Carboniferous,255.0,100000.0,2.0,1
94,-0.1370808707570865,0.3995347572981308,0.9064109512705606,784401.507341,6349652.9842575,367.31349900000004,341.0,0.0,24.986010014838143,Carboniferous,256.0,100000.0,2.0,1
95,0.26245114569940325,-0.34739042325514197,0.9002440168930219,784528.1279999998,6347948.9435,390.2523835,143.0,0.0,25.809839272237237,Carboniferous,257.0,100000.0,2.0,1
96,0.14315287232403331,-0.3729259822674415,0.9167515840702121,784489.2519999999,6348208.7885,370.15904,159.0,0.0,23.544287246571013,Carboniferous,258.0,100000.0,2.0,1
97,-0.6275068715959999,0.526540784519,0.5735764363520001,784035.635,6348209.713,373.71468500000003,310.0,0.0,54.99999999993007,Carboniferous,260.0,100000.0,1.0,1
98,0.364186915339,-0.364186915337,0.857167300702,791023.6517170001,6349096.2742174985,235.724231,135.0,0.0,30.99999999997085,Carboniferous,261.0,100000.0,2.0,1
99,0.233498425526,0.175953684248,0.9563047559639999,790926.619892,6349133.542592,227.721232,53.0,0.0,16.999999999804043,Carboniferous,262.0,100000.0,1.0,1
100,0.106755398463,-0.8344901031649999,0.540582604807,789673.585787,6349385.4957605,233.8795705,173.0,0.0,57.276691909801606,Carboniferous,266.0,100000.0,2.0,1
101,0.6019240829889959,0.3133418445381077,0.7345095552675355,787475.6176666667,6349985.003666665,271.90120500000006,62.0,0.0,42.73420960091839,Carboniferous,267.0,100000.0,2.0,1
102,-0.142244259722,0.09960050292610001,0.984807753013,786481.432,6352666.7579999985,449.849537,305.0,0.0,9.999999999670068,Carboniferous,268.0,100000.0,1.0,1
103,-0.0627817767261,0.122030398124,0.990538757669,780294.5534999998,6350847.766499997,439.2582325,333.0,0.0,7.8877787926872625,Carboniferous,270.0,100000.0,2.0,1
104,0.297046200088,-0.08517662723099999,0.9510565162960001,780168.162,6350833.381,443.05808499999995,106.0,0.0,17.999999999814598,Carboniferous,271.0,100000.0,1.0,1
105,-0.07531850701374916,0.5606890661442093,0.824593774902257,781340.1679999998,6350300.6365,499.315998,352.0,0.0,34.452672073517576,Carboniferous,272.0,100000.0,2.0,1
106,-0.736167028502,0.484949308935,-0.47210409224,783353.2161999998,6349284.8312,446.652856,303.0,0.0,118.17096461959996,Carboniferous,274.0,100000.0,5.0,1
107,0.23890965314800003,-0.09954634971139999,0.9659258262899999,783153.505,6349478.741,532.046738,113.0,0.0,14.999999999778625,Carboniferous,275.0,100000.0,1.0,1
108,-0.040488218861800006,0.151104089905,0.987688340595,784474.0175,6349827.243000002,349.6497645,345.0,0.0,9.000000000030887,Carboniferous,276.0,100000.0,2.0,1
109,-0.156042841634,0.00456928913533,0.9877397193449999,784092.0079999998,6348296.505666668,367.4987316666666,272.0,0.0,8.981162436743691,Carboniferous,278.0,100000.0,2.0,1
110,-0.194102284986,-0.07450888632389999,0.9781476007350001,789732.064,6349431.667,239.041658,249.0,0.0,11.999999999724414,Carboniferous,280.0,100000.0,1.0,1
111,0.073386891001,-0.416197740726,0.906307787038,789701.720025,6349398.4966669995,236.02030499999998,170.0,0.0,24.99999999986444,Carboniferous,281.0,100000.0,1.0,1
112,0.222937819925368,-0.15676479740759588,0.9621452731997802,789647.4369999998,6349383.062999999,232.01906499999998,125.0,0.0,15.815295283565778,Carboniferous,283.0,100000.0,2.0,1
113,0.20433705765565013,0.0011473173402823176,0.9788999185471171,786453.505,6352672.413000002,444.10134850000003,90.0,0.0,11.790882320034239,Carboniferous,284.0,100000.0,2.0,1
114,0.18319209996602387,0.5495762998960574,0.8151113697542176,784624.15,6349813.365499998,336.6697200000001,18.0,0.0,35.40162463458808,Carboniferous,286.0,100000.0,2.0,1
115,0.027460710216059392,-0.32583906036456856,0.9450263573759012,789707.1351955,6349422.6140725,237.5629,175.0,0.0,19.086434722376726,Carboniferous,287.0,100000.0,2.0,1
116,-0.25111520217133354,-0.5577495630651113,0.7911109783962853,789695.479,6349394.864,235.681541,204.0,0.0,37.710544315822574,Carboniferous,288.0,100000.0,2.0,1
117,0.1736481776669994,0.9848077530121958,1.1474415807827405e-11,783212.5776214284,6349123.017669429,441.3607815714286,10.0,0.0,89.99999999934255,Carboniferous,289.0,100000.0,2.0,1
118,-0.232036908981,0.208926971275,0.9500044176450001,788495.3866746002,6350682.247498399,357.0362484,312.0,0.0,18.194061712878803,Liassic,31.0,100000.0,5.0,1
119,-0.0667651724168,0.0560226315522,0.9961946980930001,789776.737908,6350549.259639,460.65872,310.0,0.0,4.999999999342611,Liassic,33.0,100000.0,1.0,1
120,0.4178408116409457,-0.11595836692717287,0.9010897365228498,789299.5440000001,6351634.976,292.0945225000001,106.0,0.0,25.698319994763512,Liassic,54.0,100000.0,2.0,1
121,0.469846310394,-0.171010071662,0.866025403785,789215.7440000002,6352337.102000001,245.04733199999998,110.0,0.0,29.999999999885407,Liassic,55.0,100000.0,1.0,1
122,-0.178114842088,0.0901010814701,0.9798759605930001,790829.9103560002,6350388.76482,468.130216,297.0,0.0,11.513999999712949,Liassic,76.0,100000.0,1.0,1
123,-0.550968837085,-0.122146850463,0.825538301645,791731.8019264998,6349789.742769001,425.601213,258.0,0.0,34.3568951445119,Liassic,78.0,100000.0,2.0,1
124,0.151104089905,-0.040488218861800006,0.987688340596,787412.958,6351988.5210000025,609.252061,105.0,0.0,8.999999999633731,Liassic,82.0,100000.0,1.0,1
125,-0.0593911746129,0.336824088834,0.9396926207870001,787125.5103333333,6352373.787333333,508.46767699999987,350.0,0.0,19.99999999983248,Liassic,84.0,100000.0,3.0,1
126,-0.026167978120499997,0.0453242676387,0.998629534756,788068.5329999998,6351566.549333334,355.5248656666667,330.0,0.0,2.9999999989053,Liassic,87.0,100000.0,2.0,1
127,0.15743061825355134,0.07409754046422158,0.9847462388521508,787754.5409999999,6351225.512999999,474.2404275,65.0,0.0,10.020276449514187,Liassic,88.0,100000.0,2.0,1
128,0.169197586124,-0.0390623406501,0.984807753013,788039.586042,6348342.712033,358.538348,103.0,0.0,9.999999999670068,Liassic,98.0,100000.0,1.0,1
129,0.14306741828400002,-0.08440151435689999,0.986107549003,787134.8890000001,6348400.690333334,369.77203033333336,121.0,0.0,9.56161245312113,Liassic,101.0,100000.0,3.0,1
130,0.129409522552,-0.48296291314400003,0.866025403785,784482.427,6347546.432999997,468.735081,165.0,0.0,29.999999999885407,Liassic,105.0,100000.0,1.0,1
131,-0.07952952067369999,-0.0333563648534,0.996274263577,783638.61,6346873.761333332,421.96407133333327,247.0,0.0,4.947418231267252,Liassic,106.0,100000.0,2.0,1
132,-0.0054536416599613715,0.04909964954975702,0.99877899567759,792443.5947395001,6349667.9542295,291.9283015000001,354.0,0.0,2.8316555951788014,Liassic,112.0,100000.0,2.0,1
133,-0.148452505549,-0.21201214989599998,0.9659258262899999,792744.323,6349624.188999997,277.447858,215.0,0.0,14.999999999778625,Liassic,114.0,100000.0,1.0,1
134,-0.0198247913467,0.0100286703304,0.999753171249,792039.929758,6349776.6582309995,289.5187160000001,297.0,0.0,1.273046997421163,Liassic,115.0,100000.0,1.0,1
135,-0.14509113768322618,-0.02369131710865944,0.9891346133158238,792063.4768999999,6350140.058745501,358.71166900000014,261.0,0.0,8.453844220612405,Liassic,117.0,100000.0,2.0,1
136,-0.3136898030917204,-0.19432378352094887,0.929428305247038,791707.1734999998,6349286.4295000015,285.6016415,238.0,0.0,21.654127095398078,Liassic,118.0,100000.0,2.0,1
137,0.027552840928199998,-0.00386983264938,0.999612857737,792275.538767,6349109.430339,261.794825,98.0,0.0,1.5943619979407273,Liassic,119.0,100000.0,1.0,1
138,-0.45837280634099997,0.12282062329299999,0.8802326197660001,790805.3319999998,6350023.105333333,411.5243926666667,285.0,0.0,28.329563055239696,Liassic,122.0,100000.0,3.0,1
139,-0.0720332630935,0.00195845455621,0.997400307531,791394.1660000002,6349527.888333333,346.85528633333337,272.0,0.0,4.1323086194051895,Liassic,123.0,100000.0,2.0,1
140,-0.49992384757700004,-0.00872620321764,0.866025403785,791423.301,6349876.2289999975,447.20085700000004,269.0,0.0,29.999999999885407,Liassic,126.0,100000.0,1.0,1
141,0.04213309278403425,-0.01128952818480886,0.9990482215818296,787460.0126666669,6351781.4026666675,585.2196029999999,105.0,0.0,2.50000000003714,Liassic,128.0,100000.0,2.0,1
142,0.06712089350764601,0.06352243172110396,0.9957206869011876,787269.0545000002,6352030.415000001,558.8008145,47.0,0.0,5.302487543349582,Liassic,129.0,100000.0,2.0,1
143,0.24184476264899998,0.24184476264899998,0.9396926207870001,789328.781,6352755.3565,286.9605175000001,45.0,0.0,19.99999999983248,Liassic,134.0,100000.0,2.0,1
144,0.08536097773328306,0.1920419324381918,0.9776673256613534,788488.2955,6352855.1635,472.18767,24.0,0.0,12.131641635016498,Liassic,135.0,100000.0,2.0,1
145,-0.219846310392,0.26200263023000003,0.9396926207870001,789443.5333333331,6352676.616,252.9473373333333,320.0,0.0,19.99999999983248,Liassic,136.0,100000.0,2.0,1
146,0.59614777541,0.381113865393,0.7066541243629999,789692.272,6352327.568999999,251.11390533333332,57.0,0.0,45.036666359388974,Liassic,137.0,100000.0,3.0,1
147,0.248951792264,0.197185041548,0.948230491241,789583.4813333334,6352304.541,239.26175266666667,52.0,0.0,18.516815265762478,Liassic,138.0,100000.0,3.0,1
148,0.469846310394,-0.171010071662,0.866025403785,789980.14,6352983.004,220.54843599999998,110.0,0.0,29.999999999885407,Liassic,140.0,100000.0,1.0,1
149,0.37213645440399995,0.135446592489,0.918242168432,789830.838,6352801.009,229.06036633333332,70.0,0.0,23.32956305534693,Liassic,141.0,100000.0,3.0,1
150,0.7198463103939999,0.26200263023000003,0.642787609688,789873.53,6352793.0989999985,228.311209,70.0,0.0,49.999999999925215,Liassic,142.0,100000.0,1.0,1
151,0.212012149898,-0.148452505549,0.9659258262899999,787750.418891,6348426.901154,352.48889199999996,125.0,0.0,14.999999999778625,Liassic,147.0,100000.0,1.0,1
152,0.2301792551,-0.119066764583,0.965836744017,787892.7216825716,6349057.431197287,461.46798185714295,117.0,0.0,15.019707840252908,Liassic,150.0,100000.0,7.0,1
153,0.035750839989400006,-0.0982246255937,0.994521895369,787511.2059999999,6348763.301,413.086517,160.0,0.0,5.9999999994519015,Liassic,152.0,100000.0,1.0,1
154,0.172846315079,-0.102719795276,0.9795778657269999,787625.1031436669,6349178.513049,432.72281133333325,121.0,0.0,11.599254528716193,Liassic,153.0,100000.0,3.0,1
155,0.10264082579500002,-0.0666102716002,0.992485734204,787515.2932665999,6349297.7084534,407.7801602,123.0,0.0,7.028347604848173,Liassic,155.0,100000.0,5.0,1
156,-0.28872091890412205,-0.11997642620497108,0.949866247501322,786187.7840000001,6345732.6775,352.400361,247.0,0.0,18.21939906171244,Liassic,158.0,100000.0,2.0,1
157,-0.312356252121,0.09731956320810001,0.9449669170810001,786408.9295,6346140.3171666665,367.1574783333333,287.0,0.0,19.096847091453412,Liassic,159.0,100000.0,5.0,1
158,0.19297442547000002,-0.0819951518046,0.977771786357,787328.5719999998,6347240.794,491.97785300000004,113.0,0.0,12.103129380029,Liassic,162.0,100000.0,2.0,1
159,-0.271653782273,0.323744370968,0.906307787038,792939.553,6349524.287000001,263.27771,320.0,0.0,24.99999999986444,Liassic,167.0,100000.0,1.0,1
160,0.03757160869122771,0.25595813682169233,0.9659574557997476,792281.9693440001,6349909.968882501,397.74712150000005,8.0,0.0,14.99299645461705,Liassic,168.0,100000.0,2.0,1
161,-0.15972337977797232,-0.0881400788315698,0.9832190846682474,791859.9973360002,6349200.8383685,261.2203895,241.0,0.0,10.51125693484066,Liassic,169.0,100000.0,2.0,1
162,-0.415542494846,0.069232102525,0.9069351415379999,790796.3573999999,6349851.509399999,410.2074216,279.0,0.0,24.91481159707477,Liassic,170.0,100000.0,5.0,1
163,-0.167731259496,0.044943455528499994,0.984807753013,790888.56,6349725.501,409.85400699999997,285.0,0.0,9.999999999670068,Liassic,171.0,100000.0,1.0,1
164,-0.217286033041,0.0582216170811,0.974370064786,791622.125958,6350092.1519639995,435.953466,285.0,0.0,12.9999999997453,Liassic,173.0,100000.0,1.0,1
165,-0.2852705991867304,0.23937045456524966,0.9280746040706371,791635.3625,6349890.668000001,443.2022645,310.0,0.0,21.863357160360952,Liassic,174.0,100000.0,2.0,1
166,-0.05689378717118266,-0.27442549239061176,0.9599238230752952,791306.075,6349968.028999999,446.6613685,192.0,0.0,16.275785360532254,Liassic,175.0,100000.0,2.0,1
167,-0.3063558746295941,0.2274604099540429,0.9243418415193998,786908.6325000002,6352632.635500001,502.61538550000006,307.0,0.0,22.430681342537977,Liassic,176.0,100000.0,2.0,1
168,0.08631546363446248,0.06623218472685954,0.9940638502852194,787011.6565,6352572.3925,498.49460850000014,52.0,0.0,6.2460452141487375,Liassic,177.0,100000.0,2.0,1
169,0.112821043297,0.109006413543,0.987617848156,787613.4840000002,6352333.0755,517.2241005,46.0,0.0,9.025781979171905,Liassic,179.0,100000.0,2.0,1
170,-0.109381654946,0.23456971601100002,0.9659258262899999,788998.68,6352838.461,364.394591,335.0,0.0,14.999999999778625,Liassic,181.0,100000.0,1.0,1
171,0.2469195662564325,0.0904185489240204,0.9648083819133256,789954.1768695002,6352823.7892545,237.0628885,70.0,0.0,15.245412268556962,Liassic,182.0,100000.0,2.0,1
172,0.155504397004,0.185322923794,0.970295726277,788183.322,6348687.109,485.371507,40.0,0.0,13.999999999763169,Liassic,192.0,100000.0,1.0,1
173,0.19118177661,-0.0324952786252,0.981016607994,788065.6551995,6348741.034167501,496.699274,100.0,0.0,11.181858025038593,Liassic,193.0,100000.0,2.0,1
174,0.010320621566813772,0.0030571073851800765,0.9999420677543824,787318.8802189998,6348619.6974435,416.6477405,73.0,0.0,0.6167368645932928,Liassic,194.0,100000.0,2.0,1
175,1e-12,1e-12,1.0,787555.4,6348975.022000001,421.79664,45.0,0.0,0.0,Liassic,196.0,100000.0,1.0,1
176,0.157378695625,0.073386891001,0.984807753013,787300.416,6349159.261,459.144775,65.0,0.0,9.999999999670068,Liassic,198.0,100000.0,1.0,1
177,-0.07825953006023155,-0.22229712353338624,0.9718330282633608,784144.8753333333,6347183.382666668,428.88517199999995,199.0,0.0,13.631147313435571,Liassic,199.0,100000.0,2.0,1
178,0.45451947767300005,-0.454519477671,0.7660444431199999,787189.064,6346638.871,465.87036100000006,135.0,0.0,39.99999999991086,Liassic,200.0,100000.0,1.0,1
179,0.055706166599000004,-0.0236975264218,0.99816594324,787118.3520000001,6347014.186333332,481.43535466666674,113.0,0.0,3.470646772436221,Liassic,202.0,100000.0,3.0,1
180,1e-12,0.258819045104,0.9659258262899999,787232.041533,6347109.7121129995,469.93352999999996,0.0,0.0,14.999999999778625,Liassic,203.0,100000.0,1.0,1
181,0.212012149898,-0.148452505549,0.9659258262899999,787582.426767,6347190.511047,430.42686900000007,125.0,0.0,14.999999999778625,Liassic,204.0,100000.0,2.0,1
182,-0.281045720725,-0.0805885636045,0.9563047559639999,792371.839,6347435.959,210.747937,254.0,0.0,16.999999999804043,Liassic,206.0,100000.0,1.0,1
183,0.10609904662795562,-0.08937116378986032,0.9903311503671308,792828.8365,6349592.76,275.4485555,130.0,0.0,7.9739880899101925,Liassic,209.0,100000.0,2.0,1
184,-0.3097150468836247,-0.04400606904064441,0.949810536697432,791711.6320039999,6350137.362475,383.593137,262.0,0.0,18.22960556643591,Liassic,210.0,100000.0,2.0,1
185,0.2264807107291864,-0.11285769012464372,0.967455233820838,789192.2285,6352813.976,308.3663630000001,116.0,0.0,14.657609043377,Liassic,212.0,100000.0,2.0,1
186,-0.33397309374699996,0.09291133762970001,0.937992247299,788585.4703333335,6345895.734666668,292.402044,286.0,0.0,20.28293122792503,Liassic,213.0,100000.0,3.0,1
187,-0.31447255201499996,0.21590188425299997,0.924388116759,788688.7003333331,6346689.102666666,391.28437066666675,304.0,0.0,22.423731641479947,Liassic,217.0,100000.0,2.0,1
188,-0.14221787060798527,0.16460488084609162,0.9760529240166099,788326.4469999998,6346959.909,422.1582485,319.0,0.0,12.564186669080641,Liassic,218.0,100000.0,2.0,1
189,-0.191864675846,0.37655562845299995,0.906307787038,790266.1429999998,6348009.007,443.480337,333.0,0.0,24.99999999986444,Liassic,225.0,100000.0,1.0,1
190,0.0860444934992305,0.2563599977146614,0.9627439414040472,787826.8529456665,6348600.554597332,390.63628333333327,19.0,0.0,15.688944664459916,Liassic,227.0,100000.0,2.0,1
191,0.492403876507,-0.0868240888325,0.866025403785,787700.4473876669,6349060.122998334,425.21607300000005,100.0,0.0,29.999999999885407,Liassic,228.0,100000.0,2.0,1
192,1e-12,1e-12,1.0,787272.542,6348979.99,494.324704,45.0,0.0,0.0,Liassic,229.0,100000.0,1.0,1
193,0.16526936310100002,0.186002347119,0.968550032,787360.0789999998,6349119.532500002,466.5437305,42.0,0.0,14.407630656564274,Liassic,230.0,100000.0,2.0,1
194,0.18443803954422655,0.09601236625555784,0.9781432589836168,787050.6724999999,6346740.001,473.0700470000001,62.0,0.0,12.001196429800695,Liassic,231.0,100000.0,2.0,1
195,0.040843022221626085,0.09860377817435473,0.9942882592415272,787725.3450760002,6347161.544186,410.7310395,23.0,0.0,6.126730901842973,Liassic,232.0,100000.0,2.0,1
196,0.019549522460080248,-0.08467828488444433,0.9962165448538846,791079.3797363333,6348188.764200666,359.608901,167.0,0.0,4.985617406768978,Liassic,235.0,100000.0,2.0,1
197,0.10395584541000001,0.180056805993,0.9781476007350001,787917.266,6352755.509,513.622694,30.0,0.0,11.999999999724414,Liassic,236.0,100000.0,1.0,1
198,0.0631830049848,-0.0124903071616,0.9979237947399999,787899.91,6352597.4945,517.3840485000002,101.0,0.0,3.6927332997097255,Liassic,237.0,100000.0,2.0,1
199,-0.425206373907,0.0196809926241,0.904882422261,788684.0360000002,6346199.432999999,323.5281300000001,273.0,0.0,25.19254803098711,Liassic,238.0,100000.0,4.0,1
200,-0.234569716009,-0.109381654946,0.9659258262899999,788605.067,6346082.743,307.95203300000014,245.0,0.0,14.999999999778625,Liassic,239.0,100000.0,1.0,1
201,-0.1599592176414129,0.20217580721586856,0.9661976980246636,788782.7459999999,6345744.433999999,290.3233125000001,322.0,0.0,14.939696248501106,Liassic,240.0,100000.0,2.0,1
202,-0.03988459853271307,-0.05237061461712345,0.997830916300206,789140.3338970001,6348255.555373,385.72514750000005,217.0,0.0,3.774455579074233,Liassic,242.0,100000.0,2.0,1
203,-0.0754790873042,0.0435778713748,0.9961946980930001,789243.52,6348512.025,337.36944,300.0,0.0,4.999999999342611,Liassic,244.0,100000.0,1.0,1
204,0.0713732871896,0.041207386572300005,0.996598116177,788333.1856666666,6348368.100666667,400.6034896666667,60.0,0.0,4.727380553898015,Liassic,245.0,100000.0,3.0,1
205,-0.00384244156913,0.28352297605099996,0.958957745521,788615.0615000002,6348321.4995,425.008728,359.0,0.0,16.47213557313719,Liassic,248.0,100000.0,2.0,1
206,-0.121508181582,0.22852365285999998,0.9659258262899999,789942.0109999998,6347766.399,417.17006000000003,332.0,0.0,14.999999999778625,Liassic,250.0,100000.0,1.0,1
207,-0.30795213695732976,0.09094485806447138,0.9470451489422492,789741.7,6347187.9955,299.759707,286.0,0.0,18.7294872540506,Liassic,251.0,100000.0,2.0,1
208,-0.10205463719900001,-0.24061995353,0.965239291051,789661.8375333333,6348395.228904333,350.8477523333333,203.0,0.0,15.151236239202115,Liassic,252.0,100000.0,3.0,1
209,-0.48296291314400003,-0.12940952255000002,0.866025403785,789469.807,6348610.785,290.661216,255.0,0.0,29.999999999885407,Liassic,253.0,100000.0,1.0,1
210,-0.0925820355208452,-0.28774478625862976,0.9532216450961404,791992.284201,6348002.9887769995,235.968277,198.0,0.0,17.59412919246298,Liassic,254.0,100000.0,2.0,1
211,-0.182677924386,-0.08835305561899999,0.979194829186,792455.7208366,6348114.058920002,206.7073712,244.0,0.0,11.707903278237968,Liassic,255.0,100000.0,4.0,1
212,-0.2109328187790975,0.0580782542114238,0.9757736737326221,788978.0996666667,6345629.037666667,278.5782473333333,285.0,0.0,12.637527438437159,Liassic,256.0,100000.0,2.0,1
213,0.15211803343900002,-0.0639271020025,0.986292770699,788839.6675190001,6348387.8363625,406.9323855,113.0,0.0,9.497510924159089,Liassic,258.0,100000.0,2.0,1
214,-0.071108196054,0.21721489299400001,0.973530335796,788477.7811856666,6348369.330827332,441.162146,342.0,0.0,13.21218050112493,Liassic,259.0,100000.0,3.0,1
215,0.224143868043,0.129409522552,0.9659258262899999,788448.803,6348156.39,386.12935899999997,60.0,0.0,14.999999999778625,Liassic,260.0,100000.0,1.0,1
216,-0.073386890999,0.157378695625,0.984807753013,788644.668,6348261.361000001,391.364512,335.0,0.0,9.999999999670068,Liassic,261.0,100000.0,1.0,1
217,-0.19936859220030845,0.10977431873278573,0.9737565216165792,789693.1425,6347540.080000001,362.581782,299.0,0.0,13.155359328024128,Liassic,263.0,100000.0,2.0,1
218,0.04114307775629812,-0.24254350756459234,0.9692677102281928,789029.4217619998,6348370.508052,382.745447,170.0,0.0,14.241431617604555,Liassic,264.0,100000.0,2.0,1
219,0.006128886349658928,0.018392504793900567,0.9998120585987744,788690.4814884998,6348329.965360503,420.806476,18.0,0.0,1.1108506220067782,Liassic,265.0,100000.0,2.0,1
220,0.149954450552,-0.197091606094,0.9688490912250001,786501.8219999998,6345410.907499999,359.653983,143.0,0.0,14.338604112527086,Triassic,18.0,100000.0,2.0,1
221,0.41619774072800003,-0.073386890999,0.906307787038,787108.9325000001,6348419.4055,359.1883870000001,100.0,0.0,24.99999999986444,Triassic,20.0,100000.0,2.0,1
222,0.248261422968,-0.06634226059790001,0.9664186309899999,787058.6780000002,6351624.7425,391.1186875,105.0,0.0,14.89051544678847,Triassic,25.0,100000.0,2.0,1
223,-0.0316843923942,-0.24735774038400002,0.968406034446,782071.1875,6347580.196000001,381.1845245,187.0,0.0,14.440751858408866,Triassic,27.0,100000.0,2.0,1
224,0.073386891001,-0.416197740726,0.906307787038,787115.9940000002,6348631.166,398.665943,170.0,0.0,24.99999999986444,Triassic,46.0,100000.0,1.0,1
225,0.061373326963800004,-0.014938719815100001,0.998003080852,786158.595437,6352912.2485449985,598.9167940000002,104.0,0.0,3.621513999092904,Triassic,48.0,100000.0,1.0,1
226,-0.205161402981,-0.128199072917,0.970295726277,782025.859,6345842.977000001,204.03094,238.0,0.0,13.999999999763169,Triassic,50.0,100000.0,1.0,1
227,0.09770721030360001,-0.36047081728600006,0.9276389873980001,783005.7320000002,6347097.143999999,324.69992075,165.0,0.0,21.930282796839084,Triassic,51.0,100000.0,4.0,1
228,0.004740284566781261,-0.04628097553185314,0.9989172142905768,783587.6835,6347038.453500002,407.868351,174.0,0.0,2.666539878517619,Triassic,53.0,100000.0,2.0,1
229,-0.144543958452,-0.309975519218,0.9396926207870001,784748.939,6347659.659,467.76016100000004,205.0,0.0,19.99999999983248,Triassic,56.0,100000.0,1.0,1
230,0.10938165494799999,-0.40821789367600003,0.906307787038,784807.0329999999,6347338.6115000015,478.755343,165.0,0.0,24.99999999986444,Triassic,57.0,100000.0,2.0,1
231,0.15266807561778184,-0.09594840331465568,0.9836088463350314,784089.3790000001,6347441.173999999,408.298032,122.0,0.0,10.38813051705976,Triassic,58.0,100000.0,2.0,1
232,0.061132309285709376,-0.3026891680686924,0.9511267572176062,783788.812,6347176.674499999,410.419712,169.0,0.0,17.986971858460873,Triassic,59.0,100000.0,2.0,1
233,-0.409576022143,-0.286788218175,0.866025403785,786060.445,6345670.5989999985,330.569192,235.0,0.0,29.999999999885407,Triassic,61.0,100000.0,1.0,1
234,0.0800399841259,-0.0036773733010000004,0.996784870404,786312.4553333332,6346602.8369999975,383.50513,93.0,0.0,4.595717238340465,Triassic,65.0,100000.0,3.0,1
235,0.00893856897076,0.11893687111300001,0.9928615828380001,788096.0986666668,6350317.708999999,264.355816,4.0,0.0,6.8501057964640095,Triassic,77.0,100000.0,3.0,1
236,-0.030917387658700002,0.357192725801,0.9335188652490001,787552.4805000002,6350048.291,263.189224,355.0,0.0,21.009840196019578,Triassic,79.0,100000.0,2.0,1
237,-0.32206543066489673,0.004378227676478208,0.9467072881799566,786734.3930000002,6352609.143000001,473.3140265,271.0,0.0,18.789680431416713,Triassic,80.0,100000.0,2.0,1
238,-0.169699301136,-0.217205200479,0.9612616959389999,781666.574,6346370.528,197.37374,218.0,0.0,15.999999999792132,Triassic,81.0,100000.0,1.0,1
239,0.34508707139,0.19223748592700002,0.9186727720810001,781702.7840000001,6346639.510333332,202.00598666666667,61.0,0.0,23.267184899820514,Triassic,82.0,100000.0,3.0,1
240,-0.054467597345762134,-0.19669431385818276,0.978950779015594,784375.436,6347692.5615,407.75332099999997,195.0,0.0,11.776612839500745,Triassic,85.0,100000.0,2.0,1
241,0.0810423987495,-0.37368902214199995,0.924006842148,784534.382397,6347738.1452245,419.85598150000004,168.0,0.0,22.48093140193213,Triassic,87.0,100000.0,2.0,1
242,-0.1642018125405044,-0.2997750999770281,0.9397726609091028,785968.9195000002,6345679.354000001,331.6509250000001,209.0,0.0,19.986587232808045,Triassic,88.0,100000.0,2.0,1
243,0.15038373318099998,-0.0868240888325,0.984807753013,785580.5340000001,6345575.89,290.53014,120.0,0.0,9.999999999670068,Triassic,90.0,100000.0,1.0,1
244,0.1354371336566728,-0.2445159914193611,0.9601399443659614,785678.728,6345918.8025,253.0959795,151.0,0.0,16.231543623671566,Triassic,91.0,100000.0,2.0,1
245,-0.17823731475013982,0.03549276062243348,0.9833472039793768,786364.3892125002,6346752.586476,397.819872,281.0,0.0,10.470941777127472,Triassic,92.0,100000.0,2.0,1
246,0.0353778212373,0.286707559442,0.9573647085220001,790439.61435025,6350035.8520205,334.53555300000005,7.0,0.0,16.791035345116395,Triassic,101.0,100000.0,4.0,1
247,0.0305611649986,-0.290770061932,0.9563047559639999,791547.183,6348153.932999997,235.74786400000002,174.0,0.0,16.999999999804043,Triassic,106.0,100000.0,1.0,1
248,-0.3784251296441233,0.2534708044466667,0.8902510727581227,788599.0818963335,6350708.698062332,352.68890766666664,304.0,0.0,27.095186460699058,Triassic,111.0,100000.0,2.0,1
249,0.320098758464,-0.203160557848,0.925344569641,787482.97005,6349539.400924001,331.55725200000006,122.0,0.0,22.27962937704115,Triassic,114.0,100000.0,2.0,1
250,-0.32139380484200003,-0.383022221558,0.866025403785,783089.3571354998,6347245.438181,305.825785,220.0,0.0,29.999999999885407,Triassic,116.0,100000.0,2.0,1
251,0.102067837921,-0.140484326774,0.984807753013,783159.187,6347295.562999999,301.24098599999996,144.0,0.0,9.999999999670068,Triassic,117.0,100000.0,1.0,1
252,0.06698729810880001,-0.249999999999,0.9659258262899999,783176.372,6347290.102999999,301.778996,165.0,0.0,14.999999999778625,Triassic,119.0,100000.0,1.0,1
253,0.14043361437955415,-0.3945765627973104,0.9080681340314476,784520.1870000002,6347870.7445,396.8011855,160.0,0.0,24.76026759351957,Triassic,120.0,100000.0,2.0,1
254,-0.17589407377788946,-0.29101579387120946,0.9404100608390621,785727.372,6345646.324999998,301.66280100000006,211.0,0.0,19.87946482349412,Triassic,121.0,100000.0,2.0,1
255,0.19617469497,-0.28016649959199996,0.9396926207870001,786089.9040000002,6346474.402000003,343.500269,145.0,0.0,19.99999999983248,Triassic,123.0,100000.0,1.0,1
256,-0.18968836058330155,-0.21547296870123447,0.9579090382798859,786032.1266029999,6346303.128153,342.4326725,221.0,0.0,16.682735746251435,Triassic,124.0,100000.0,2.0,1
257,-0.296198132725,-0.171010071662,0.9396926207870001,789570.7685,6352524.908999999,211.1020125,240.0,0.0,19.99999999983248,Triassic,125.0,100000.0,2.0,1
258,-0.14978915354800001,-0.164993014219,0.974854099206,790355.1185,6350436.664500003,349.0634977499999,222.0,0.0,12.876134793216305,Triassic,138.0,100000.0,4.0,1
259,0.242403876507,-0.519836790725,0.8191520442899999,791160.190925,6349043.884522,244.20465099999998,155.0,0.0,34.999999999900105,Triassic,139.0,100000.0,1.0,1
260,0.43170572615099995,0.0438987640204,0.900945650151,790867.038163,6349408.234072,280.4780975,84.0,0.0,25.717351524689363,Triassic,140.0,100000.0,2.0,1
261,-0.36868782649400006,-0.43938504177,0.8191520442899999,790881.464,6348333.194,373.178653,220.0,0.0,34.999999999900105,Triassic,141.0,100000.0,1.0,1
262,0.073386891001,-0.416197740726,0.906307787038,791535.094612,6349465.07815,305.307894,170.0,0.0,24.99999999986444,Triassic,144.0,100000.0,1.0,1
263,-0.496731764891,-0.709406479915,0.500000000001,789577.447,6348625.6460000025,286.877075,215.0,0.0,59.99999999993384,Triassic,145.0,100000.0,1.0,1
264,-0.198266891273,-0.166365675342,0.9659258262899999,789791.641,6348338.695,346.172781,230.0,0.0,14.999999999778625,Triassic,148.0,100000.0,1.0,1
265,0.257852618479621,-0.2720411429963707,0.9270952721594642,789355.8455,6348731.945500001,261.3245,137.0,0.0,22.01354464609897,Triassic,149.0,100000.0,2.0,1
266,0.0667651724188,0.0560226315522,0.9961946980930001,787845.5140000002,6350513.466,266.46029300000004,50.0,0.0,4.999999999342611,Triassic,153.0,100000.0,1.0,1
267,0.413383038749,0.08786727737,0.906307787038,787547.564172,6350342.986391,239.842292,78.0,0.0,24.99999999986444,Triassic,154.0,100000.0,1.0,1
268,0.193871394669,-0.116927081943,0.974033849431,787542.089,6350271.735999999,251.47955299999998,121.0,0.0,13.085359780868375,Triassic,155.0,100000.0,2.0,1
269,-0.11439899884755407,-0.2722948043340735,0.9553891398772262,783246.5965,6347298.132000001,287.09360899999996,203.0,0.0,17.178522927454573,Triassic,158.0,100000.0,2.0,1
270,0.24326448891,-0.16568496313300002,0.9557043901890001,786173.6089999998,6346355.887,378.317991,124.0,0.0,17.117260663638536,Triassic,159.0,100000.0,2.0,1
271,0.0171872651692,0.0030305785747399994,0.999847695157,786183.697,6346450.525,376.92181400000004,80.0,0.0,0.9999999967169996,Triassic,160.0,100000.0,1.0,1
272,0.116977778442,-0.32139380484200003,0.9396926207870001,789344.13,6352066.706,228.741775,160.0,0.0,19.99999999983248,Triassic,165.0,100000.0,1.0,1
273,0.367420742447,-0.20295229265700002,0.907641099182,789300.0190000001,6351883.308999999,259.3277985,119.0,0.0,24.818622422934602,Triassic,166.0,100000.0,2.0,1
274,0.030108253581,0.21387343370700002,0.9763972795029999,789970.4487211667,6350325.532177334,327.05334833333336,8.0,0.0,12.473162876940814,Triassic,167.0,100000.0,5.0,1
275,-0.170971595454,0.124012385396,0.97744035205,788910.814,6350237.294,296.54983,306.0,0.0,12.193367073081108,Triassic,170.0,100000.0,2.0,1
276,-0.57357643635,9.99894635718e-13,0.8191520442899999,791633.412,6350145.259,420.170137,270.0,0.0,34.999999999900105,Triassic,174.0,100000.0,1.0,1
277,-0.05409114587166439,0.2681802167035517,0.9618490106597428,791771.1550095,6350154.486235498,370.5403295,349.0,0.0,15.877459844961358,Triassic,176.0,100000.0,2.0,1
278,-0.483556300140845,-0.24109227770810224,0.8414557731833661,791320.2177825,6350468.655005001,399.4404315,244.0,0.0,32.70583355199047,Triassic,177.0,100000.0,2.0,1
279,-0.157378695623,-0.073386890999,0.984807753013,791518.332,6350306.823,388.188001,245.0,0.0,9.999999999670068,Triassic,178.0,100000.0,1.0,1
280,-0.151452839899,-0.39454813704,0.906307787038,790665.8790000002,6350435.616,370.89052000000004,201.0,0.0,24.99999999986444,Triassic,180.0,100000.0,1.0,1
281,-0.15284391836450695,0.0939223730654216,0.9837770705077159,790514.6595000002,6348562.362500002,371.94090750000004,302.0,0.0,10.334540036073674,Triassic,182.0,100000.0,2.0,1
282,0.4008526491872204,-0.4090637006617102,0.8197463281043313,791921.8315,6348503.714499999,217.11755800000003,136.0,0.0,34.940591719369976,Triassic,183.0,100000.0,2.0,1
283,-0.504446663929,-0.18171015905299998,0.844106024945,789729.5553333331,6348509.661666666,300.264909,250.0,0.0,32.4237200159896,Triassic,185.0,100000.0,3.0,1
284,0.298836238731,-0.298836238729,0.906307787038,789974.337,6348356.8539999975,347.708556,135.0,0.0,24.99999999986444,Triassic,186.0,100000.0,1.0,1
285,-0.352851488238,-0.200685715957,0.913904300602,789851.2515000001,6348444.543,326.9580735,240.0,0.0,23.94940067179815,Triassic,187.0,100000.0,2.0,1
286,-0.0769377918469,-0.21138484580400002,0.974370064786,789095.7170000002,6348625.489,241.52634700000002,200.0,0.0,12.9999999997453,Triassic,189.0,100000.0,1.0,1
287,0.1911257307309869,0.042855345334057486,0.9806295806413576,787446.818406,6349443.812068999,345.90669450000007,77.0,0.0,11.295635861896393,Triassic,192.0,100000.0,2.0,1
288,0.34411682825090634,0.004012558824272697,0.9389182647526984,787501.9221095,6349477.638232498,352.0853545,89.0,0.0,20.129320537812816,Triassic,193.0,100000.0,2.0,1
289,1e-12,0.342020143327,0.9396926207870001,789608.2320000002,6352641.549,217.767989,0.0,0.0,19.99999999983248,Triassic,194.0,100000.0,1.0,1
290,-0.00423975556215,0.0599540696119,0.9981921328129999,789607.6094000002,6352786.425,226.6922744,356.0,0.0,3.4457704477445503,Triassic,196.0,100000.0,4.0,1
291,0.06321346712730001,-0.0260574602571,0.9976597948899999,789668.634448,6352130.826968,77.04758199999998,112.0,0.0,3.9205709991620714,Triassic,200.0,100000.0,1.0,1
292,1e-12,0.309016994376,0.9510565162960001,789675.4286344999,6350207.165623,304.46494800000005,0.0,0.0,17.999999999814598,Triassic,202.0,100000.0,2.0,1
293,-0.029809019625200002,0.34071865342299995,0.9396926207870001,789188.48,6349974.554,262.07012000000003,355.0,0.0,19.99999999983248,Triassic,204.0,100000.0,2.0,1
294,-0.144543958452,0.30997551922,0.9396926207870001,789384.0542024999,6350252.1996625,287.1660805,335.0,0.0,19.99999999983248,Triassic,206.0,100000.0,2.0,1
295,-0.00737570567072,0.0158172518576,0.999847695157,789306.585,6350038.4470000025,266.66308399999997,335.0,0.0,0.9999999967169996,Triassic,209.0,100000.0,1.0,1
296,-0.39942847253808417,0.021767658606992608,0.9165058997980658,791652.745,6350196.0005,399.81935699999997,273.0,0.0,23.579501860110593,Triassic,210.0,100000.0,2.0,1
297,-0.2723840097784275,-0.3712467572677149,0.8876839507590705,790819.4402485,6350520.447358,386.397129,216.0,0.0,27.416359333421173,Triassic,212.0,100000.0,2.0,1
298,0.06698729810880001,-0.249999999999,0.9659258262899999,789197.921,6348685.8220000025,248.404516,165.0,0.0,14.999999999778625,Triassic,214.0,100000.0,1.0,1
299,-0.1439395679986781,-0.3456560670330909,0.9272557813718764,789070.7306436667,6348745.815511334,238.78517799999997,203.0,0.0,21.988996237201814,Triassic,216.0,100000.0,2.0,1
300,-0.0872646671588,0.239757702539,0.9669028503110001,787602.8144125,6350799.460966499,307.093429,340.0,0.0,14.78216645359319,Triassic,217.0,100000.0,2.0,1
301,-0.17021652345022767,0.1328639333153728,0.9764084751621558,789539.7909999999,6352682.241499999,233.466502,308.0,0.0,12.470192544593381,Triassic,219.0,100000.0,2.0,1
302,0.2388598846694643,0.06958887067480403,0.9685573522377988,789520.8674999998,6352271.9855,239.225987,74.0,0.0,14.405944921241966,Triassic,220.0,100000.0,2.0,1
303,0.27605149137400004,0.022059850764799997,0.9608896591670001,789472.3775,6352341.2947499985,207.881336,85.0,0.0,16.07715285747114,Triassic,221.0,100000.0,3.0,1
304,0.1249539394629297,-0.2266630251159853,0.9659246275243036,789428.9410000001,6352195.127500001,226.404902,151.0,0.0,15.000265372928778,Triassic,222.0,100000.0,2.0,1
305,0.003503229767077348,0.08023715322619901,0.9967696457172812,789620.1580599998,6350185.526281001,297.3068150000001,3.0,0.0,4.606591348526657,Triassic,225.0,100000.0,2.0,1
306,-0.127407228452,0.0030681028689499997,0.9918457465170001,789107.5451142498,6350280.1538499985,289.0624185000001,271.0,0.0,7.32192521240897,Triassic,226.0,100000.0,3.0,1
307,-0.16867678734000002,0.530955716936,0.830442152149,789499.9529999999,6350231.040666668,291.78879333333333,342.0,0.0,33.8558154599444,Triassic,227.0,100000.0,2.0,1
308,-0.06569422188016844,0.20430939967874065,0.976699512856678,789304.2525,6350033.9695000015,266.28597149999996,342.0,0.0,12.392731174952855,Triassic,228.0,100000.0,2.0,1
309,-0.0615727093353575,-0.0031210734386013864,0.9980977208498646,791542.155771,6350372.0163486665,372.5193666666667,267.0,0.0,3.5346272717576226,Triassic,229.0,100000.0,2.0,1
310,-0.12264965804381787,-0.14616817060439505,0.9816271834479212,789839.65325,6348529.654750002,329.88967075,220.0,0.0,10.999999999922716,Triassic,230.0,100000.0,2.0,1
311,-0.30164885718117307,-0.03868688242226,0.9526338709544914,789144.3915000001,6348657.8429999985,242.204039,263.0,0.0,17.705202488812372,Triassic,231.0,100000.0,2.0,1
312,0.2157321127460081,0.01655515284517362,0.9763122361439586,787486.8060000001,6350809.582,310.801577,86.0,0.0,12.495703134617848,Triassic,232.0,100000.0,2.0,1
313,0.3223801947906557,0.16483096034044062,0.9321490033894726,789835.8814784999,6350193.8389965,299.247433,63.0,0.0,21.227677725011613,Triassic,233.0,100000.0,2.0,1
314,0.17511131156199186,0.2014285689690075,0.9637232798714248,789852.0139255,6350180.264855,296.8887565,41.0,0.0,15.480085528181805,Triassic,234.0,100000.0,2.0,1
713,-0.9254165783973234,-0.33682408883246506,0.17364817766793042,783639.818,6352489.679,408.343143,250.0,,80.0,fault_NWSE,,30.0,,1
714,-0.8443743289408636,-0.4123763016743828,0.3420201433266688,784347.3740000002,6350359.261,316.354856,243.97,,70.0,fault_NWSE,,30.0,,1
715,-0.9361168066618591,-0.0818996083180894,0.3420201433266688,784714.333,6349361.863,404.256019,265.0,,70.0,fault_NWSE,,30.0,,1
716,-0.9106174280000568,-0.23194422040603874,0.3420201433266688,784621.048,6350057.44,357.440542,255.71,,70.0,fault_NWSE,,30.0,,1
712,0.5265407845193631,0.36868782649561227,0.766044443119978,786416.757671,6351490.966358,270.371423,55.0,,40.0,fault_NS,,30.0,,1
709,0.6000939307992761,-0.23035447767548986,0.766044443119978,791031.228,6345649.805,241.782365,111.0,,40.0,fault_NESW1,,100.0,,1
710,0.8528685319534431,-0.15038373317943526,0.5000000000010001,791639.175,6349891.244,443.27371500000004,100.0,,60.0,fault_NESW2,,100.0,,1
711,0.9076733711913688,-0.33036608954835217,0.2588190451035207,791682.282,6350183.432999997,387.023171,110.0,,75.0,fault_NESW3,,100.0,,1
0,-0.02601179337786995,-0.038497363466281256,0.998920086700273,780291.429877,6346095.964954,-14.621493,214.046,,2.6630000000000003,Triassic,,100000.0,,1
1,0.17431625728449426,0.004330215082750553,0.9846801976712996,782104.797112,6346980.038055,-956.2782800000001,88.57700000000001,,10.042,Carboniferous,,100000.0,,1
2,0.1731648215962074,0.030303079063331836,0.9844265680908916,789425.182358,6347079.380725,-931.862731,80.074,,10.125,Carboniferous,,100000.0,,1
3,0.05021263825488165,-0.020698339850257992,0.9985240456238316,789414.6526,6352235.521775,-222.87541800000002,112.40213,,3.113347,Carboniferous,,100000.0,,1
4,-0.08057833687982346,0.033215284425741794,0.9961946980927456,788287.5766,6352700.117989,-262.283918,292.402,,5.0,Carboniferous,,100000.0,,1
5,0.06613428336508695,-0.04113774600787465,0.9969623575738564,793813.876587,6347090.216383999,-630.084856,121.883,,4.467,Liassic,,100000.0,,1
